date,open,high,low,close,volume,adjusted
2015-12-29,25.17,25.24,25.17,25.24,300,22.566662
2015-12-30,NA,NA,NA,NA,NA,NA
2015-12-31,24.9,24.940001,24.85,24.85,5500,22.21797
2016-01-04,24.5,24.52,24.42,24.42,500,21.833513
2016-01-05,24.549999,24.66,24.5,24.66,5000,22.048092
2016-01-06,24.34,24.639999,24.34,24.6,900,21.99445
2016-01-07,24.360001,24.360001,24.188999,24.188999,500,21.62698
2016-01-08,24.190001,24.209999,24,24,2300,21.457996
2016-01-11,24.040001,24.040001,24.040001,24.040001,4200,21.493763
2016-01-12,25.389999,25.389999,23.98,24,7900,21.457996
2016-01-13,24.09,24.09,24.09,24.09,900,21.538465
2016-01-14,23.809999,23.809999,23.809999,23.809999,100,21.288122
2016-01-15,23.58,23.58,23.51,23.51,1300,21.019897
2016-01-19,23.700001,23.700001,23.66,23.690001,1900,21.180828
2016-01-20,23.690001,23.690001,23.690001,23.690001,0,21.180828
2016-01-21,23.23,23.433001,23.23,23.433001,600,20.951056
2016-01-22,23.610001,23.799999,23.591999,23.799999,1700,21.279175
2016-01-25,23.799999,23.799999,23.799999,23.799999,0,21.279175
2016-01-26,23.9,23.9,23.68,23.9,1100,21.368589
2016-01-27,24.08,24.08,23.825001,23.825001,500,21.301535
2016-01-28,24.030001,24.138,24.030001,24.138,1300,21.581383
2016-01-29,24.4,24.65,24.360001,24.65,9400,22.039152
2016-02-01,24.82,24.84,24.57,24.84,13600,22.209028
2016-02-02,24.476,24.620001,24.440001,24.57,5100,21.967627
2016-02-03,24.49,24.82,24.49,24.75,7300,22.128559
2016-02-04,24.809,24.84,24.789,24.84,2700,22.209028
2016-02-05,25.040001,25.040001,24.74,24.77,12300,22.146439
2016-02-08,24.5,24.66,24.33,24.66,6400,22.048092
2016-02-09,24.51,24.549,24.4,24.549,1700,21.948851
2016-02-10,24.51,24.51,24.51,24.51,300,21.913982
2016-02-11,24.200001,24.23,24.049999,24.23,3400,21.663637
2016-02-12,24.27,24.389999,24.27,24.389999,1200,21.80669
2016-02-16,24.93,24.93,24.58,24.790001,5000,22.164324
2016-02-17,24.99,25.16,24.99,25.07,12400,22.414667
2016-02-18,25.280001,25.280001,25.08,25.167,5100,22.501394
2016-02-19,25.049999,25.24,25.044001,25.07,22700,22.414667
2016-02-22,25.33,25.436001,25.33,25.417999,4000,22.725807
2016-02-23,25.57,25.57,25.280001,25.290001,7100,22.611366
2016-02-24,25.27,25.299,24.98,25.299,4800,22.619411
2016-02-25,25.59,25.66,25.370001,25.66,19500,22.942175
2016-02-26,25.91,25.91,25.299999,25.34,27900,22.656067
2016-02-29,25.389999,25.540001,25.24,25.24,14000,22.566662
2016-03-01,25.41,25.549999,25.41,25.549999,6600,22.843826
2016-03-02,25.82,25.82,25.403,25.687,24600,22.966312
2016-03-03,25.68,25.91,25.68,25.91,11500,23.165699
2016-03-04,25.9,26.129999,25.85,26.065001,54400,23.304283
2016-03-07,26.068001,26.280001,26.068001,26.18,9200,23.407099
2016-03-08,26.120001,26.200001,26.02,26.07,11700,23.30875
2016-03-09,26.24,26.27,26.110001,26.150999,25100,23.381172
2016-03-10,26.42,26.42,25.979,26.15,14000,23.380278
2016-03-11,26.4,26.43,26.299999,26.43,11900,23.630621
2016-03-14,26.65,26.65,26.309999,26.43,17000,23.630621
2016-03-15,26.41,26.41,26.23,26.34,16100,23.550154
2016-03-16,26.299999,26.57,26.24,26.528,20200,23.718243
2016-03-17,26.620001,26.936001,26.530001,26.9,22600,24.050837
2016-03-18,26.893,26.98,26.860001,26.889999,35000,24.041895
2016-03-21,26.83,26.950001,26.83,26.91,10400,24.05978
2016-03-22,27.200001,27.200001,26.82,26.85,23600,24.006136
2016-03-23,26.85,26.85,26.73,26.73,18900,23.898848
2016-03-24,26.719999,26.719999,26.485001,26.610001,17200,23.791559
2016-03-28,28,28,26.57,26.65,31500,23.827316
2016-03-29,26.57,26.98,26.57,26.969999,50500,24.113424
2016-03-30,27.030001,27.07,26.98,26.997999,31700,24.138458
2016-03-31,27.09,27.1,26.997,27.063,20700,24.196575
2016-04-01,26.860001,27.129999,26.860001,27.129999,10900,24.256477
2016-04-04,27.01,27.059,26.962999,26.962999,7900,24.107164
2016-04-05,26.790001,26.82,26.709999,26.709999,11400,23.88096
2016-04-06,26.780001,26.782,26.59,26.782,13100,23.945341
2016-04-07,26.82,26.82,26.547001,26.59,30300,23.773674
2016-04-08,26.77,26.77,26.618999,26.649,11000,23.826427
2016-04-11,26.790001,26.841999,26.66,26.66,7700,23.83626
2016-04-12,26.690001,26.879,26.639999,26.83,39200,23.988255
2016-04-13,26.9,26.924999,26.860001,26.924999,20300,24.073195
2016-04-14,27.09,27.09,26.92,26.959,35500,24.103594
2016-04-15,27.059999,27.059999,26.976,27.049,54100,24.184057
2016-04-18,27.08,27.17,27,27.17,9900,24.292242
2016-04-19,27.24,27.24,27.139999,27.23,17600,24.34589
2016-04-20,27.290001,27.290001,27.01,27.01,27000,24.149191
2016-04-21,26.950001,26.950001,26.610001,26.639999,13600,23.818375
2016-04-22,26.709999,26.809999,26.68,26.77,21000,23.93461
2016-04-25,26.68,26.799999,26.66,26.799999,63500,23.961432
2016-04-26,26.950001,26.993,26.860001,26.93,31400,24.077663
2016-04-27,27.030001,27.18,26.969999,27.167,21300,24.28956
2016-04-28,27.309999,27.309999,26.99,26.99,13700,24.13131
2016-04-29,26.914,26.99,26.754999,26.969,48800,24.112534
2016-05-02,27.07,27.16,27.02,27.129999,21900,24.256477
2016-05-03,27.129999,27.129999,26.91,27,18000,24.140249
2016-05-04,26.878,27.09,26.85,27.049999,17900,24.184954
2016-05-05,27.23,27.23,26.83,26.879999,36200,24.032959
2016-05-06,26.780001,26.969999,26.754,26.969999,30300,24.113424
2016-05-09,27.059999,27.09,26.98,27.07,15400,24.202831
2016-05-10,27.280001,27.280001,27.120001,27.239,107500,24.353933
2016-05-11,27.85,27.85,27.139999,27.16,79000,24.283302
2016-05-12,27.32,27.35,27.17,27.309999,37500,24.417414
2016-05-13,27.23,27.23,27.021,27.059999,10800,24.19389
2016-05-16,27.280001,27.280001,27.042999,27.193001,7700,24.312807
2016-05-17,27.27,27.27,26.790001,26.889999,22800,24.041895
2016-05-18,27.01,27.01,26.459999,26.51,24900,23.702147
2016-05-19,26.51,26.610001,26.41,26.610001,23800,23.791559
2016-05-20,26.65,26.74,26.639999,26.709999,36100,23.88096
2016-05-23,26.93,26.93,26.610001,26.610001,29200,23.791559
2016-05-24,26.82,26.889999,26.790001,26.889999,29600,24.041895
2016-05-25,26.99,27.049999,26.889999,27.030001,83000,24.167067
2016-05-26,27.049999,27.15,27.049999,27.103001,77400,24.23234
2016-05-27,27.209999,27.209999,27.118999,27.183001,33600,24.303865
2016-05-31,27.190001,27.26,27.1,27.23,28800,24.34589
2016-06-01,27.190001,27.280001,27.16,27.26,21800,24.372709
2016-06-02,27.33,27.360001,27.190001,27.346001,27600,24.449602
2016-06-03,27.690001,27.690001,27.379999,27.509001,19000,24.595335
2016-06-06,27.66,27.66,27.48,27.620001,17500,24.694582
2016-06-07,27.67,27.73,27.607,27.610001,28600,24.685637
2016-06-08,27.66,27.780001,27.65,27.743,47500,24.804548
2016-06-09,27.73,27.870001,27.677,27.860001,62000,24.909163
2016-06-10,27.73,27.799999,27.639999,27.74,41600,24.801874
2016-06-13,27.9,27.9,27.6,27.6,100900,24.676699
2016-06-14,27.577,27.620001,27.5,27.620001,62200,24.694582
2016-06-15,27.889999,27.889999,27.6,27.6,43700,24.676699
2016-06-16,27.870001,27.870001,27.48,27.780001,109200,24.837635
2016-06-17,27.84,27.84,27.65,27.809999,73800,24.864452
2016-06-20,28.139999,28.139999,27.950001,27.950001,24900,24.989626
2016-06-21,28.07,28.07,27.92,27.969999,21400,25.007509
2016-06-22,27.99,28.040001,27.91,27.92,17900,24.962807
2016-06-23,28.200001,28.200001,28.030001,28.173,30700,25.189009
2016-06-24,27.75,27.82,27.23,27.51,102900,24.726126
2016-06-27,27.35,27.35,27.1,27.290001,46400,24.528383
2016-06-28,27.48,27.540001,27.313999,27.540001,71900,24.753088
2016-06-29,27.74,27.870001,27.690001,27.870001,58500,25.049692
2016-06-30,27.950001,28.309999,27.875,28.309999,49600,25.445166
2016-07-01,28.459999,28.459999,28.287001,28.370001,67200,25.499094
2016-07-05,28.34,28.360001,28.280001,28.296,18900,25.432585
2016-07-06,28.24,28.440001,28.200001,28.440001,39800,25.562012
2016-07-07,28.530001,28.530001,28.16,28.219999,41500,25.364275
2016-07-08,28.379999,28.58,28.309999,28.58,30100,25.687845
2016-07-11,28.639999,28.709999,28.51,28.690001,74800,25.786711
2016-07-12,28.799999,28.799999,28.622999,28.66,76900,25.759752
2016-07-13,28.790001,28.790001,28.66,28.77,29800,25.858618
2016-07-14,28.879999,28.879999,28.686001,28.74,65100,25.83165
2016-07-15,28.768999,28.799999,28.66,28.75,36800,25.840641
2016-07-18,28.83,28.83,28.733,28.77,44800,25.858618
2016-07-19,28.809999,28.809999,28.68,28.756001,64900,25.846035
2016-07-20,28.85,28.85,28.709999,28.77,42600,25.858618
2016-07-21,28.85,28.85,28.655001,28.73,53400,25.822668
2016-07-22,28.809999,28.968,28.804001,28.954,34000,26.023996
2016-07-25,29.040001,29.040001,28.870001,28.940001,29400,26.011414
2016-07-26,29.02,29.02,28.756001,28.84,31800,25.921532
2016-07-27,28.92,28.92,28.6,28.629999,18300,25.732784
2016-07-28,28.629999,28.719999,28.495001,28.68,47000,25.777727
2016-07-29,28.73,28.84,28.610001,28.780001,17200,25.867607
2016-08-01,28.700001,28.84,28.700001,28.790001,88600,25.876598
2016-08-02,28.83,28.83,28.493,28.518,32200,25.63212
2016-08-03,28.440001,28.48,28.360001,28.450001,26800,25.570997
2016-08-04,28.370001,28.579,28.370001,28.49,60200,25.606953
2016-08-05,28.552,28.559,28.5,28.52,30400,25.633915
2016-08-08,28.450001,28.582001,28.450001,28.49,12400,25.606953
2016-08-09,28.534,28.59,28.49,28.540001,27100,25.65189
2016-08-10,28.606001,28.606001,28.51,28.549999,14200,25.660881
2016-08-11,28.67,28.67,28.610001,28.67,17600,25.768738
2016-08-12,28.700001,28.77,28.634001,28.67,38100,25.768738
2016-08-15,28.790001,28.790001,28.57,28.58,41400,25.687845
2016-08-16,28.5,28.5,28.360001,28.393,42100,25.519768
2016-08-17,28.32,28.5,28.209999,28.5,34200,25.61594
2016-08-18,28.549999,28.58,28.500999,28.542999,16100,25.654591
2016-08-19,28.629999,28.629999,28.341,28.42,11100,25.544037
2016-08-22,28.309999,28.506001,28.309999,28.469999,23100,25.588976
2016-08-23,28.551001,28.610001,28.514,28.540001,8000,25.65189
2016-08-24,28.431,28.49,28.424999,28.440001,17800,25.562012
2016-08-25,28.41,28.51,28.41,28.469999,9500,25.588976
2016-08-26,28.6,28.620001,28.16,28.219999,12600,25.364275
2016-08-29,28.32,28.41,28.313999,28.4,18800,25.526062
2016-08-30,28.48,28.48,28.253,28.27,25900,25.409216
2016-08-31,28.280001,28.33,28.16,28.309999,13800,25.445166
2016-09-01,28.379999,28.379999,28.139999,28.23,54000,25.373264
2016-09-02,28.450001,28.52,28.415001,28.518999,12300,25.633015
2016-09-06,28.58,28.58,28.469,28.57,18700,25.678856
2016-09-07,28.690001,28.690001,28.514999,28.65,25500,25.750759
2016-09-08,28.639999,28.639999,28.517,28.559999,30000,25.669867
2016-09-09,28.440001,28.440001,27.610001,27.610001,39000,24.816004
2016-09-12,27.58,28.087,27.58,28.059999,11500,25.220465
2016-09-13,28.02,28.02,27.563,27.629999,23400,24.833975
2016-09-14,27.67,27.76,27.5,27.58,15100,24.78904
2016-09-15,27.610001,27.790001,27.610001,27.790001,30700,24.977791
2016-09-16,27.82,27.82,27.549999,27.700001,12000,24.896896
2016-09-19,27.83,27.91,27.780001,27.85,12300,25.031717
2016-09-20,27.85,27.990999,27.83,27.83,15400,25.013739
2016-09-21,27.799999,28.23,27.799999,28.219999,41100,25.364275
2016-09-22,28.43,28.5,28.389999,28.457001,25200,25.577291
2016-09-23,28.48,28.48,28.379999,28.4,23400,25.526062
2016-09-26,28,28.08,28,28.025999,13500,25.38386
2016-09-27,28.034,28.07,27.934,27.968,42400,25.331327
2016-09-28,27.940001,28,27.832001,28,14600,25.360315
2016-09-29,27.879999,27.950001,27.714001,27.778999,15400,25.160149
2016-09-30,27.940001,27.969999,27.809,27.879999,17500,25.251621
2016-10-03,27.700001,27.73,27.610001,27.68,47100,25.070482
2016-10-04,27.77,27.77,27.200001,27.336,23100,24.758911
2016-10-05,27.459999,27.459999,27.309999,27.35,33000,24.771589
2016-10-06,27.25,27.395,27.24,27.33,33800,24.753471
2016-10-07,27.398001,27.398001,27.177,27.26,20500,24.690075
2016-10-10,27.379999,27.43,27.291,27.35,12000,24.771589
2016-10-11,27.370001,27.370001,27.01,27.076,56300,24.523422
2016-10-12,27.049999,27.299999,27.049999,27.256001,254100,24.686453
2016-10-13,27.07,27.347,27.07,27.25,23500,24.681019
2016-10-14,27.43,27.43,27.23,27.257,30300,24.687353
2016-10-17,27.26,27.297001,27.190001,27.190001,29800,24.626677
2016-10-18,27.5,27.5,27.245001,27.32,20400,24.744415
2016-10-19,27.4,27.4,27.247999,27.360001,14500,24.780649
2016-10-20,27.32,27.32,27.23,27.274,21500,24.702757
2016-10-21,27.289,27.379999,27.289,27.35,21600,24.771589
2016-10-24,27.459999,27.528999,27.4,27.513,18400,24.919224
2016-10-25,27.48,27.5,27.450001,27.459999,8800,24.871222
2016-10-26,27.429001,27.511,27.309999,27.49,29700,24.898392
2016-10-27,27.51,27.540001,27.246,27.26,20700,24.690075
2016-10-28,27.35,27.440001,27.249001,27.309,11800,24.734455
2016-10-31,27.450001,27.556999,27.42,27.521999,13000,24.927374
2016-11-01,27.48,27.48,27.082001,27.129999,25900,24.57233
2016-11-02,26.98,27.065001,26.945999,27.004,57400,24.458212
2016-11-03,26.98,27.059999,26.9,26.92,29300,24.382126
2016-11-04,26.91,27.087,26.91,26.934999,20900,24.395716
2016-11-07,27.299999,27.398001,27.139999,27.379999,44200,24.798761
2016-11-08,27.35,27.68,27.35,27.68,29000,25.070482
2016-11-09,27.440001,27.58,27.135,27.49,65300,24.898392
2016-11-10,27.629999,27.629999,27.139999,27.27,180300,24.699129
2016-11-11,27.059999,27.433001,27.059999,27.370001,62700,24.789705
2016-11-14,27.25,27.43,27.25,27.379999,38200,24.798761
2016-11-15,27.52,27.59,27.4,27.59,21400,24.988966
2016-11-16,27.563999,27.563999,27.393999,27.49,41100,24.898392
2016-11-17,27.59,27.59,27.4,27.455,64100,24.86669
2016-11-18,27.58,27.58,27.370001,27.445999,36200,24.858538
2016-11-21,27.620001,27.68,27.58,27.665001,53300,25.056896
2016-11-22,27.559999,27.92,27.559999,27.9,31300,25.269739
2016-11-23,27.84,27.893999,27.799999,27.862,31100,25.235317
2016-11-25,28.040001,28.07,28.017,28.059999,9200,25.414656
2016-11-28,28.139999,28.209999,28.117001,28.129999,33700,25.478056
2016-11-29,28.030001,28.33,28.030001,28.280001,42500,25.613916
2016-11-30,28.389999,28.389999,27.91,27.91,48000,25.278795
2016-12-01,27.83,27.9,27.790001,27.85,33900,25.224457
2016-12-02,27.99,28.014,27.841,27.92,11300,25.287857
2016-12-05,28.003,28.097,27.950001,28.097,11100,25.448168
2016-12-06,28.01,28.139999,28.01,28.129999,59500,25.478056
2016-12-07,28.290001,28.66,28.25,28.6,20100,25.903744
2016-12-08,28.540001,28.75,28.540001,28.667,14500,25.964432
2016-12-09,28.73,28.889999,28.73,28.889999,45600,26.166407
2016-12-12,28.700001,28.99,28.700001,28.950001,148700,26.220749
2016-12-13,29.120001,29.120001,28.91,29.030001,65100,26.293207
2016-12-14,29.129999,29.129999,28.617001,28.700001,21900,25.994324
2016-12-15,28.610001,28.780001,28.610001,28.700001,32600,25.994324
2016-12-16,28.889999,28.889999,28.73,28.790001,65000,26.07584
2016-12-19,28.870001,28.969,28.865,28.950001,16400,26.220749
2016-12-20,28.870001,29.1,28.870001,29.02,43000,26.284151
2016-12-21,28.98,29.09,28.9,28.9,30800,26.175463
2016-12-22,29.049999,29.049999,28.84,28.91,37000,26.184523
2016-12-23,28.82,28.82,28.639999,28.704,29200,26.212833
2016-12-27,28.790001,28.790001,28.690001,28.709999,10900,26.218311
2016-12-28,28.809999,28.809999,28.48,28.5,16700,26.026537
2016-12-29,28.42,28.700001,28.42,28.665001,19400,26.177214
2016-12-30,28.799999,28.799999,28.521999,28.559999,27900,26.081329
2017-01-03,28.76,28.76,28.558001,28.624001,13500,26.139774
2017-01-04,28.780001,28.93,28.780001,28.879999,36200,26.373556
2017-01-05,28.959999,28.959999,28.709999,28.799999,25900,26.300499
2017-01-06,28.68,28.860001,28.65,28.809999,50300,26.309631
2017-01-09,28.870001,28.870001,28.549999,28.559999,27500,26.081329
2017-01-10,28.469999,28.639999,28.469999,28.549999,48100,26.072197
2017-01-11,28.440001,28.690001,28.440001,28.68,20500,26.190914
2017-01-12,28.73,28.73,28.530001,28.719999,12600,26.22744
2017-01-13,28.82,28.82,28.625999,28.721001,55800,26.228354
2017-01-17,28.74,28.871,28.74,28.818001,16100,26.31694
2017-01-18,28.74,28.938,28.74,28.879999,14900,26.373556
2017-01-19,28.799999,28.950001,28.700001,28.797001,25100,26.29776
2017-01-20,28.93,28.959999,28.809999,28.93,10800,26.419214
2017-01-23,29.030001,29.030001,28.811001,28.879999,16700,26.373556
2017-01-24,28.799999,29.09,28.799999,29.07,50600,26.547066
2017-01-25,29.135,29.209999,29.09,29.18,17300,26.64752
2017-01-26,29.23,29.23,29.065001,29.110001,11100,26.583593
2017-01-27,29.07,29.167999,29.002001,29.049999,17800,26.528803
2017-01-30,28.84,28.959999,28.805,28.891001,24300,26.3836
2017-01-31,28.959999,29.028999,28.83,29,22200,26.483143
2017-02-01,28.959999,28.959999,28.700001,28.73,110400,26.236576
2017-02-02,28.620001,28.861,28.620001,28.839001,109300,26.336113
2017-02-03,28.85,29.069,28.85,28.969999,37800,26.455748
2017-02-06,28.940001,29.018999,28.93,28.969999,23400,26.455748
2017-02-07,29,29.09,28.990999,29,30500,26.483143
2017-02-08,28.940001,29.120001,28.940001,29.108999,23900,26.582684
2017-02-09,29.15,29.23,29.121,29.190001,61300,26.656654
2017-02-10,29.26,29.290001,29.190001,29.266001,19000,26.726057
2017-02-13,29.299999,29.4,29.280001,29.379999,19400,26.830164
2017-02-14,29.4,29.4,29.245001,29.341999,31800,26.795458
2017-02-15,29.360001,29.4,29.231001,29.4,31400,26.848427
2017-02-16,29.5,29.51,29.42,29.51,19600,26.948877
2017-02-17,29.559999,29.559999,29.299999,29.52,29800,26.958014
2017-02-21,29.620001,29.764999,29.542999,29.75,20700,27.168049
2017-02-22,29.780001,29.780001,29.66,29.76,50400,27.177181
2017-02-23,29.83,29.839001,29.674,29.801001,33200,27.214626
2017-02-24,29.84,30.01,29.75,30,35900,27.396353
2017-02-27,30.07,30.07,29.9,29.986,14000,27.383568
2017-02-28,29.99,30.030001,29.913,30.01,54900,27.405483
2017-03-01,30.120001,30.25,30.01,30.129999,35500,27.51507
2017-03-02,30.190001,30.190001,30.059999,30.1,23500,27.487677
2017-03-03,30.17,30.17,29.92,30.040001,50400,27.432878
2017-03-06,30.040001,30.040001,29.853001,29.976999,13000,27.375349
2017-03-07,29.84,29.940001,29.84,29.906,27900,27.310513
2017-03-08,29.950001,29.950001,29.700001,29.711,41800,27.132437
2017-03-09,29.790001,29.799999,29.549999,29.639999,30300,27.067596
2017-03-10,29.799999,29.799999,29.650999,29.73,24400,27.149788
2017-03-13,29.75,29.799999,29.700001,29.799999,15900,27.213711
2017-03-14,29.77,29.77,29.66,29.719999,34000,27.140654
2017-03-15,29.91,30.138,29.780001,30.09,42200,27.478542
2017-03-16,30.209999,30.209999,29.969999,29.98,14900,27.37809
2017-03-17,29.969999,30.200001,29.969999,30.155001,24000,27.537907
2017-03-20,30.16,30.16,29.966,30.01,27400,27.405483
2017-03-21,30.139999,30.139999,29.85,29.860001,37300,27.268501
2017-03-22,29.85,29.910999,29.809999,29.9,35500,27.305033
2017-03-23,29.92,30.049999,29.83,29.85,19700,27.259367
2017-03-24,29.940001,29.969999,29.790001,29.85,31900,27.259367
2017-03-27,29.4,29.549999,29.4,29.5,18400,27.171867
2017-03-28,29.42,29.735001,29.42,29.709999,36000,27.365297
2017-03-29,29.790001,29.790001,29.629999,29.709999,16100,27.365297
2017-03-30,29.65,29.74,29.620001,29.690001,22800,27.346876
2017-03-31,29.76,29.809999,29.709999,29.73,49600,27.383718
2017-04-03,29.790001,29.790001,29.517,29.583,20700,27.24832
2017-04-04,29.690001,29.698999,29.541,29.66,21700,27.319241
2017-04-05,29.6,29.82,29.59,29.59,14400,27.254765
2017-04-06,29.67,29.73,29.6,29.676001,11800,27.333981
2017-04-07,29.780001,29.780001,29.639999,29.67,21500,27.328455
2017-04-10,29.57,29.740999,29.57,29.662001,34400,27.321083
2017-04-11,29.67,29.74,29.6,29.74,16700,27.392925
2017-04-12,29.790001,29.790001,29.655001,29.719999,59700,27.374506
2017-04-13,29.790001,29.790001,29.58,29.610001,48500,27.27319
2017-04-17,29.700001,29.809999,29.66,29.802999,51800,27.450954
2017-04-18,29.82,29.846001,29.756001,29.799999,237600,27.448193
2017-04-19,29.879999,29.879999,29.65,29.66,41700,27.319241
2017-04-20,29.719999,29.777,29.6,29.73,50500,27.383718
2017-04-21,29.85,29.85,29.674999,29.74,67200,27.392925
2017-04-24,29.98,29.98,29.805,29.92,41600,27.558723
2017-04-25,30.059999,30.09,30,30.056,60600,27.68399
2017-04-26,30.1,30.129999,29.99,30.01,61800,27.641619
2017-04-27,30.139999,30.139999,29.983999,30.040001,23900,27.669249
2017-04-28,30.110001,30.110001,29.85,29.91,50100,27.549507
2017-05-01,30.049999,30.049999,29.799999,29.851999,126100,27.49609
2017-05-02,29.780001,29.879999,29.73,29.756001,47600,27.407663
2017-05-03,29.85,29.85,29.65,29.700001,80400,27.356087
2017-05-04,29.610001,29.65,29.549999,29.620001,17400,27.282402
2017-05-05,29.65,29.85,29.65,29.85,68400,27.494244
2017-05-08,29.719999,29.881001,29.719999,29.790001,36500,27.438984
2017-05-09,29.870001,29.870001,29.559999,29.6,35400,27.263979
2017-05-10,29.709999,29.709999,29.58,29.620001,24600,27.282402
2017-05-11,29.620001,29.620001,29.440001,29.546,45800,27.214241
2017-05-12,29.66,29.66,29.479,29.530001,72400,27.199503
2017-05-15,29.440001,29.700001,29.440001,29.66,61600,27.319241
2017-05-16,29.73,29.73,29.559999,29.57,91900,27.236345
2017-05-17,29.620001,29.620001,29.41,29.43,106200,27.107393
2017-05-18,29.440001,29.504,29.25,29.459999,25400,27.135025
2017-05-19,29.549999,29.67,29.471001,29.629999,12200,27.291609
2017-05-22,29.74,29.85,29.701,29.85,21700,27.494244
2017-05-23,29.780001,29.93,29.780001,29.829,35800,27.474905
2017-05-24,29.780001,29.969999,29.780001,29.969999,37800,27.60478
2017-05-25,30,30.120001,29.987,30.1,17000,27.724518
2017-05-26,30.16,30.16,30.042,30.1,17600,27.724518
2017-05-30,30.120001,30.16,30.049999,30.120001,26000,27.742941
2017-05-31,30.26,30.26,30.112,30.233,33200,27.847023
2017-06-01,30.33,30.469999,30.237,30.459999,22400,28.056108
2017-06-02,30.58,30.58,30.437,30.540001,12900,28.129791
2017-06-05,30.59,30.59,30.389999,30.42,37200,28.019262
2017-06-06,30.469999,30.469999,30.299999,30.34,19200,27.945574
2017-06-07,30.41,30.41,30.299999,30.360001,27000,27.963999
2017-06-08,30.200001,30.280001,30.184,30.280001,16900,27.890314
2017-06-09,30.33,30.389999,30.246,30.389999,27700,27.991631
2017-06-12,30.360001,30.569,30.360001,30.49,17800,28.083738
2017-06-13,30.6,30.6,30.450001,30.559999,27800,28.148216
2017-06-14,30.73,30.73,30.565001,30.653999,28000,28.234793
2017-06-15,30.620001,30.75,30.558001,30.74,20600,28.314007
2017-06-16,30.860001,30.860001,30.709999,30.813,24500,28.381247
2017-06-19,30.950001,30.950001,30.799999,30.861,12700,28.425457
2017-06-20,30.889999,30.889999,30.733999,30.77,35400,28.341642
2017-06-21,30.764,30.764,30.554001,30.598,18600,28.183218
2017-06-22,30.690001,30.690001,30.544001,30.549999,28800,28.139
2017-06-23,30.66,30.66,30.530001,30.569,37500,28.156506
2017-06-26,30.459999,30.504999,30.434,30.437,23100,28.275414
2017-06-27,30.299999,30.406,30.190001,30.216999,12600,28.071035
2017-06-28,30.41,30.41,30.229,30.24,17100,28.092403
2017-06-29,30.18,30.18,29.827,29.93,19500,27.80442
2017-06-30,30.1,30.1,29.934,29.99,31600,27.860157
2017-07-03,30.09,30.15,30.052,30.1,13400,27.962347
2017-07-05,30.17,30.17,29.9,29.940001,21700,27.813709
2017-07-06,29.799999,29.84,29.629999,29.65,48600,27.544306
2017-07-07,29.629999,29.77,29.629999,29.75,53000,27.637201
2017-07-10,29.780001,29.780001,29.68,29.700001,4115400,27.590755
2017-07-11,29.76,29.76,29.549999,29.629999,25500,27.525724
2017-07-12,29.629999,29.940001,29.629999,29.879999,38500,27.757971
2017-07-13,29.77,29.84,29.75,29.799999,25500,27.683651
2017-07-14,29.940001,29.969999,29.860001,29.950001,20500,27.823002
2017-07-17,29.9,29.959999,29.896999,29.938,15800,27.811853
2017-07-18,30.01,30.01,29.83,29.885,21500,27.762615
2017-07-19,29.950001,30.030001,29.870001,29.99,26800,27.860157
2017-07-20,30.09,30.120001,29.93,30.02,20500,27.888031
2017-07-21,30.1,30.1,29.9,30.09,32500,27.953058
2017-07-24,30.01,30.02,29.91,29.92,23400,27.79513
2017-07-25,29.93,30.059999,29.93,30.01,21300,27.878736
2017-07-26,30.200001,30.200001,30.02,30.084999,18300,27.948412
2017-07-27,30.25,30.309999,30.040001,30.280001,27200,28.129566
2017-07-28,30.4,30.4,29.9,30.080999,24400,27.944695
2017-07-31,30.200001,30.200001,30.09,30.18,20400,28.036663
2017-08-01,30.129999,30.17,30.073999,30.110001,37000,27.971638
2017-08-02,30.07,30.120001,29.99,30.07,66900,27.934479
2017-08-03,30.059999,30.15,30.049999,30.07,24700,27.934479
2017-08-04,30.09,30.139999,30.040001,30.115,37400,27.976282
2017-08-07,30.24,30.24,30.1,30.17,13500,28.027376
2017-08-08,30.200001,30.200001,30.02,30.049999,54100,27.915895
2017-08-09,30,30.09,29.959999,30.01,24800,27.878736
2017-08-10,30.049999,30.049999,29.870001,29.870001,29000,27.748682
2017-08-11,30.049999,30.049999,29.789,29.809999,41000,27.692942
2017-08-14,30,30.120001,29.9,30.1,26900,27.962347
2017-08-15,30.01,30.17,30.01,30.17,18500,28.027376
2017-08-16,30.177,30.280001,30.17,30.209999,20100,28.064535
2017-08-17,30.040001,30.17,29.915001,29.915001,31800,27.790485
2017-08-18,30.059999,30.059999,29.818001,29.85,61500,27.730099
2017-08-21,29.780001,29.99,29.780001,29.975,13400,27.846222
2017-08-22,30,30.129999,30,30.108999,21500,27.970707
2017-08-23,30.120001,30.120001,29.99,30.061001,18800,27.926119
2017-08-24,30.02,30.087,29.99,29.99,23600,27.860157
2017-08-25,30.030001,30.190001,30.030001,30.129999,21600,27.990213
2017-08-28,30.209999,30.209999,30.014999,30.08,22100,27.943768
2017-08-29,29.940001,30.1,29.940001,30.059999,57000,27.925188
2017-08-30,30.139999,30.139999,30.02,30.089001,22900,27.952127
2017-08-31,30.040001,30.26,30.040001,30.23,47500,28.083111
2017-09-01,30.209999,30.360001,30.209999,30.34,136200,28.185301
2017-09-05,30.389999,30.389999,30.059999,30.110001,31400,27.971638
2017-09-06,30.290001,30.290001,30.153999,30.17,15100,28.027376
2017-09-07,30.16,30.209999,30.07,30.16,65600,28.018085
2017-09-08,30.209999,30.219999,30.059999,30.18,90200,28.036663
2017-09-11,30.25,30.49,30.245001,30.450001,16000,28.287491
2017-09-12,30.620001,30.620001,30.370001,30.41,37500,28.250332
2017-09-13,30.549999,30.549999,30.370001,30.4,39500,28.241041
2017-09-14,30.426001,30.559999,30.42,30.5,54900,28.333939
2017-09-15,30.690001,30.690001,30.530001,30.667999,68000,28.490004
2017-09-18,30.780001,30.780001,30.58,30.639999,38800,28.463997
2017-09-19,30.629999,30.68,30.6,30.610001,41600,28.436129
2017-09-20,30.700001,30.700001,30.469999,30.549999,47000,28.380386
2017-09-21,30.620001,30.620001,30.43,30.464001,28600,28.300497
2017-09-22,30.51,30.530001,30.440001,30.48,35800,28.315357
2017-09-25,30.67,30.709999,30.572001,30.709999,43000,28.529028
2017-09-26,30.59,30.59,30.4,30.41,90200,28.490614
2017-09-27,30.33,30.33,30.145,30.26,55000,28.350082
2017-09-28,30.139999,30.32,30.139999,30.32,33100,28.406294
2017-09-29,30.23,30.34,30.23,30.27,37500,28.359453
2017-10-02,30.26,30.415001,30.26,30.41,63400,28.490614
2017-10-03,30.33,30.450001,30.33,30.450001,62400,28.52809
2017-10-04,30.34,30.559999,30.34,30.559999,43400,28.631147
2017-10-05,30.51,30.620001,30.51,30.610001,21400,28.677992
2017-10-06,30.610001,30.610001,30.459999,30.540001,263000,28.612408
2017-10-09,30.610001,30.610001,30.530001,30.549999,118500,28.621775
2017-10-10,30.5,30.73,30.5,30.68,47300,28.743574
2017-10-11,30.74,30.799999,30.690001,30.75,28500,28.809153
2017-10-12,30.74,30.82,30.700001,30.780001,26200,28.837261
2017-10-13,30.790001,30.91,30.77,30.77,50200,28.827894
2017-10-16,30.889999,30.889999,30.74,30.799999,45700,28.855995
2017-10-17,30.76,30.799999,30.709999,30.787001,20200,28.843821
2017-10-18,30.780001,30.908001,30.780001,30.85,34300,28.902842
2017-10-19,30.9,30.92,30.780001,30.92,53300,28.968426
2017-10-20,30.99,30.99,30.889999,30.985001,67000,29.02932
2017-10-23,31.110001,31.110001,30.860001,30.889999,43100,28.940319
2017-10-24,30.780001,30.91,30.780001,30.860001,81700,28.912212
2017-10-25,30.879999,30.879999,30.5,30.6,201500,28.668623
2017-10-26,30.629999,30.84,30.629999,30.709999,58000,28.771679
2017-10-27,30.799999,30.799999,30.57,30.75,58100,28.809153
2017-10-30,30.75,30.75,30.57,30.608999,32500,28.677052
2017-10-31,30.799999,30.799999,30.58,30.639999,89000,28.706097
2017-11-01,30.700001,30.712999,30.59,30.620001,36500,28.687361
2017-11-02,30.76,30.76,30.461,30.603001,43800,28.671434
2017-11-03,30.629999,30.629999,30.503,30.540001,84000,28.612408
2017-11-06,30.48,30.59,30.48,30.5,50100,28.57493
2017-11-07,30.549999,30.66,30.485001,30.66,63500,28.724836
2017-11-08,30.68,30.74,30.568001,30.73,74500,28.790415
2017-11-09,30.639999,30.68,30.540001,30.610001,39300,28.677992
2017-11-10,30.620001,30.66,30.549999,30.639999,49300,28.706097
2017-11-13,30.6,30.780001,30.6,30.775,53800,28.832575
2017-11-14,30.76,30.84,30.677999,30.822001,60100,28.876612
2017-11-15,30.719999,30.719999,30.59,30.59,209500,28.659254
2017-11-16,30.620001,30.85,30.620001,30.775,92900,28.832575
2017-11-17,30.629999,30.82,30.629999,30.75,80500,28.809153
2017-11-20,30.82,30.879,30.76,30.799999,60500,28.855995
2017-11-21,30.940001,30.98,30.92,30.950001,56900,28.996532
2017-11-22,30.969999,30.98,30.898001,30.962999,35800,29.008713
2017-11-24,31.040001,31.040001,30.959999,30.959999,15100,29.005899
2017-11-27,31,31.07,31,31.030001,44900,29.07148
2017-11-28,31.16,31.360001,31.040001,31.299999,98700,29.32444
2017-11-29,31.42,31.57,31.42,31.516001,56700,29.526808
2017-11-30,31.67,31.790001,31.57,31.711,287800,29.709501
2017-12-01,31.76,31.76,31.374001,31.65,46900,29.652348
2017-12-04,31.940001,32.008999,31.837999,31.85,56400,29.839727
2017-12-05,32,32,31.620001,31.629999,50200,29.63361
2017-12-06,31.67,31.697001,31.559999,31.65,56600,29.652348
2017-12-07,31.59,31.688999,31.59,31.66,124400,29.661722
2017-12-08,31.66,31.771,31.615,31.771,45500,29.765711
2017-12-11,31.73,31.809999,31.65,31.809999,115000,29.80225
2017-12-12,31.940001,31.940001,31.74,31.77,51100,29.764774
2017-12-13,31.9,31.92,31.76,31.85,85400,29.839727
2017-12-14,31.879999,31.879999,31.700001,31.700001,135100,29.699192
2017-12-15,31.870001,32.009998,31.820999,31.950001,39700,29.933413
2017-12-18,32.029999,32.099998,32,32.029999,37800,30.008362
2017-12-19,32.02,32.09,31.777,31.799999,40500,29.792879
2017-12-20,31.85,31.858999,31.700001,31.709999,49500,29.708561
2017-12-21,31.860001,31.860001,31.65,31.66,33000,29.661722
2017-12-22,31.639999,31.77,31.639999,31.73,148900,29.727297
2017-12-26,31.58,31.58,31.41,31.450001,29800,29.722574
2017-12-27,31.540001,31.540001,31.42,31.49,23100,29.760376
2017-12-28,31.6,31.6,31.459999,31.559999,58700,29.826532
2017-12-29,31.65,31.65,31.521,31.530001,110500,29.79818
2018-01-02,31.639999,31.639999,31.35,31.42,45400,29.694223
2018-01-03,31.389999,31.52,31.301001,31.379999,49100,29.65642
2018-01-04,31.35,31.49,31.305,31.362,68300,29.639408
2018-01-05,31.459999,31.459999,31.33,31.459999,34300,29.732023
2018-01-08,31.450001,31.587999,31.389999,31.540001,87000,29.807631
2018-01-09,31.540001,31.57,31.4,31.437,51100,29.710289
2018-01-10,31.15,31.290001,31.141001,31.23,99100,29.514656
2018-01-11,31.299999,31.399,31.27,31.360001,227700,29.63752
2018-01-12,31.280001,31.49,31.280001,31.370001,55500,29.646969
2018-01-16,31.450001,31.57,31.245001,31.323,94100,29.602549
2018-01-17,31.360001,31.59,31.35,31.530001,49100,29.79818
2018-01-18,31.450001,31.549999,31.318001,31.32,69200,29.599714
2018-01-19,31.469999,31.469999,31.35,31.412001,29700,29.686663
2018-01-22,31.459999,31.59,31.43,31.59,36300,29.854885
2018-01-23,31.57,31.804001,31.57,31.77,39400,30.024998
2018-01-24,31.65,31.82,31.65,31.74,182100,29.996645
2018-01-25,31.76,31.766001,31.65,31.75,50000,30.006096
2018-01-26,31.790001,31.99,31.777,31.98,39000,30.223463
2018-01-29,31.969999,31.969999,31.629999,31.629999,31600,29.892687
2018-01-30,31.639999,31.639999,31.421,31.43,40100,29.703672
2018-01-31,31.620001,31.620001,31.35,31.52,37600,29.788731
2018-02-01,31.5,31.540001,31.245001,31.245001,21400,29.528835
2018-02-02,31.25,31.25,30.780001,30.799999,55100,29.108273
2018-02-05,30.67,30.820999,29.801001,29.801001,131900,28.16415
2018-02-06,29.139999,30.139999,29.120001,29.98,109600,28.333317
2018-02-07,30.030001,30.450001,30.030001,30.059999,114300,28.408922
2018-02-08,29.889999,30.18,29.436001,29.440001,47200,27.822973
2018-02-09,29.58,29.921,29.086,29.921,68400,28.277557
2018-02-12,29.799999,30.209999,29.76,30.1,3665200,28.446724
2018-02-13,30.059999,30.18,29.85,30.16,80600,28.503428
2018-02-14,29.889999,30.243,29.889999,30.181999,177500,28.52422
2018-02-15,30.26,30.52,30.174,30.52,130600,28.843657
2018-02-16,30.42,30.84,30.42,30.68,144600,28.994869
2018-02-20,30.66,30.66,30.225,30.268999,241000,28.60644
2018-02-21,30.309999,30.42,30,30,53400,28.352217
2018-02-22,30.059999,30.32,30.059999,30.1,79200,28.446724
2018-02-23,30.209999,30.540001,30.17,30.540001,135700,28.862556
2018-02-26,30.639999,30.77,30.539,30.719999,120800,29.032669
2018-02-27,30.728001,30.790001,30.27,30.27,85200,28.607389
2018-02-28,30.280001,30.4,29.940001,29.940001,37700,28.295513
2018-03-01,29.950001,30,29.49,29.66,66200,28.030891
2018-03-02,29.57,29.709999,29.441,29.709999,64100,28.078146
2018-03-05,29.610001,30.141001,29.610001,30.110001,45800,28.456177
2018-03-06,30.209999,30.209999,29.924999,30.069,75900,28.417427
2018-03-07,29.92,30.063999,29.85,30.01,97500,28.361666
2018-03-08,30.16,30.18,30.042,30.134001,66700,28.478857
2018-03-09,30.17,30.379999,30.17,30.370001,70500,28.701895
2018-03-12,30.33,30.57,30.33,30.52,54900,28.843657
2018-03-13,30.620001,30.66,30.370001,30.379999,67900,28.711346
2018-03-14,30.450001,30.573999,30.290001,30.306,45000,28.641409
2018-03-15,30.43,30.43,30.24,30.280001,42400,28.61684
2018-03-16,30.379999,30.450001,30.33,30.450001,38300,28.7775
2018-03-19,30.24,30.261,29.91,30.08,32000,28.427824
2018-03-20,30.24,30.24,29.958,29.98,28100,28.333317
2018-03-21,29.874001,30.01,29.796,29.858,170400,28.218019
2018-03-22,29.73,29.889,29.469999,29.48,30300,27.860777
2018-03-23,29.43,29.43,28.92,28.969999,84800,27.378792
2018-03-26,29.120001,29.219999,28.891001,29.200001,54900,27.828627
2018-03-27,29.24,29.52,29.139999,29.23,83500,27.857216
2018-03-28,29.040001,29.440001,29.040001,29.299999,50800,27.923927
2018-03-29,29.5,29.620001,29.459999,29.559999,68700,28.171715
2018-04-02,29.34,29.52,28.795,28.99,119800,27.628487
2018-04-03,29.219999,29.389999,29.030001,29.32,43800,27.942989
2018-04-04,28.969999,29.629999,28.969999,29.58,47300,28.190779
2018-04-05,29.559999,29.834999,29.48,29.790001,64300,28.390917
2018-04-06,29.639999,29.76,29.226999,29.370001,74000,27.990641
2018-04-09,29.559999,29.711,29.4,29.48,38700,28.095472
2018-04-10,29.549999,29.690001,29.48,29.549999,48900,28.162184
2018-04-11,29.469999,29.58,29.441,29.48,41800,28.095472
2018-04-12,29.52,29.598,29.4,29.41,25600,28.028761
2018-04-13,29.540001,29.549999,29.356001,29.459999,35000,28.076412
2018-04-16,29.5,29.780001,29.5,29.74,68900,28.343262
2018-04-17,29.860001,29.98,29.780001,29.879999,50600,28.476686
2018-04-18,29.889999,29.98,29.799999,29.799999,19600,28.400444
2018-04-19,29.559999,29.559999,29.27,29.379999,49500,28.00017
2018-04-20,29.299999,29.389999,29.030001,29.07,45500,27.704729
2018-04-23,29.24,29.24,29.073999,29.187,53000,27.816235
2018-04-24,29.389999,29.389999,28.959999,29.032,49900,27.668514
2018-04-25,29.01,29.229,28.99,29.129999,42900,27.761909
2018-04-26,29.191999,29.417,29.15,29.34,72700,27.962049
2018-04-27,29.360001,29.58,29.33,29.5,31400,28.114534
2018-04-30,29.530001,29.6,29.27,29.27,32300,27.895338
2018-05-01,29.24,29.27,29.040001,29.23,44200,27.857216
2018-05-02,29.1,29.23,28.969999,29.01,167900,27.647545
2018-05-03,28.860001,29.120001,28.75,29.01,41100,27.647545
2018-05-04,29,29.41,29,29.280001,32100,27.904869
2018-05-07,29.370001,29.42,29.27,29.309,28400,27.932503
2018-05-08,29.219999,29.219999,28.966,29.040001,36200,27.676138
2018-05-09,29.08,29.17,29,29.118999,26500,27.751429
2018-05-10,29.290001,29.389999,29.226,29.389999,49300,28.009701
2018-05-11,29.35,29.530001,29.35,29.43,157600,28.047821
2018-05-14,29.440001,29.527,29.35,29.379999,49100,28.00017
2018-05-15,29.280001,29.41,29.179001,29.280001,43900,27.904869
2018-05-16,29.200001,29.375999,29.200001,29.309999,88300,27.933456
2018-05-17,29.280001,29.389999,29.239,29.299999,127600,27.923927
2018-05-18,29.209999,29.257,29.139999,29.225,45000,27.852451
2018-05-21,29.389999,29.459999,29.257999,29.4,36300,28.019234
2018-05-22,29.549999,29.549999,29.370001,29.42,60900,28.038292
2018-05-23,29.379999,29.51,29.356001,29.51,119800,28.124065
2018-05-24,29.42,29.6,29.42,29.591999,247100,28.202213
2018-05-25,29.639999,29.639999,29.525,29.6,32100,28.209839
2018-05-29,29.5,29.605,29.379999,29.52,30500,28.133596
2018-05-30,29.540001,29.889999,29.49,29.820999,33400,28.420456
2018-05-31,29.719999,29.722,29.521999,29.59,34400,28.20031
2018-06-01,29.620001,29.667999,29.525,29.57,24500,28.181246
2018-06-04,29.709999,29.790001,29.614,29.645,250700,28.252724
2018-06-05,29.58,29.639999,29.530001,29.57,31000,28.181246
2018-06-06,29.67,29.67,29.381001,29.495001,40000,28.10977
2018-06-07,29.48,29.76,29.48,29.66,45600,28.267021
2018-06-08,29.559999,29.764999,29.559999,29.764999,51100,28.367088
2018-06-11,29.84,29.84,29.754,29.785999,54000,28.387102
2018-06-12,29.780001,29.92,29.75,29.9,27300,28.49575
2018-06-13,29.809999,29.874001,29.65,29.65,49900,28.257488
2018-06-14,29.629999,29.872,29.629999,29.799999,33200,28.400444
2018-06-15,29.65,29.950001,29.65,29.950001,34500,28.543398
2018-06-18,30.01,30.01,29.76,29.85,36900,28.448093
2018-06-19,29.85,29.958,29.809999,29.958,29500,28.551023
2018-06-20,29.959999,30.01,29.879999,29.969999,28200,28.562462
2018-06-21,29.91,29.971001,29.820999,29.9,36300,28.49575
2018-06-22,30.049999,30.129999,30.040001,30.09,20800,28.676826
2018-06-25,30.129999,30.129999,29.950001,30.120001,19200,28.705418
2018-06-26,30.01,30.01,29.823,29.879999,64700,28.729452
2018-06-27,29.83,29.995001,29.771999,29.792999,26900,28.645803
2018-06-28,29.91,29.92,29.74,29.860001,331500,28.710222
2018-06-29,29.870001,30.059999,29.790001,29.875,51300,28.724644
2018-07-02,29.879999,29.879999,29.59,29.790001,42300,28.64292
2018-07-03,29.940001,30.049999,29.860001,29.9,48600,28.748682
2018-07-05,29.950001,30.17,29.91,30.17,19300,29.008287
2018-07-06,30.1,30.392,30.08,30.360001,62900,29.190969
2018-07-09,30.49,30.49,30.040001,30.08,75900,28.921751
2018-07-10,30.084999,30.297001,30.08,30.290001,36900,29.123665
2018-07-11,30.1,30.33,30.1,30.195999,28300,29.033285
2018-07-12,30.190001,30.23,30.16,30.23,33900,29.065975
2018-07-13,30.219999,30.24,30.16,30.219999,25400,29.056358
2018-07-16,30.18,30.254999,30.07,30.129999,36500,28.969826
2018-07-17,30.049999,30.190001,30.049999,30.09,36000,28.931366
2018-07-18,30.139999,30.139999,29.91,29.950001,37200,28.796757
2018-07-19,30.02,30.15,29.959999,30.062,16600,28.904446
2018-07-20,29.969999,29.989,29.870001,29.92,37200,28.767912
2018-07-23,29.860001,29.870001,29.77,29.809999,28200,28.662148
2018-07-24,29.870001,29.9,29.700001,29.860001,60500,28.710222
2018-07-25,29.799999,30.040001,29.799999,30,50000,28.844833
2018-07-26,29.93,30.322001,29.93,30.23,61700,29.065975
2018-07-27,30.285,30.309999,30.148001,30.198,25600,29.035208
2018-07-30,30.16,30.309999,30.16,30.249001,45500,29.084246
2018-07-31,30.42,30.559999,30.25,30.514999,31000,29.340002
2018-08-01,30.450001,30.450001,30.23,30.33,24100,29.162127
2018-08-02,30.15,30.469999,30.15,30.459999,73900,29.287119
2018-08-03,30.459999,30.823999,30.459999,30.806999,21700,29.620758
2018-08-06,30.91,30.91,30.719999,30.780001,30200,29.594797
2018-08-07,30.889999,30.889999,30.690001,30.84,19900,29.652485
2018-08-08,30.790001,30.790001,30.690001,30.690001,21100,29.508265
2018-08-09,30.690001,30.82,30.690001,30.73,16500,29.546721
2018-08-10,30.65,30.736,30.59,30.59,13200,29.412113
2018-08-13,30.58,30.610001,30.459999,30.530001,16800,29.354424
2018-08-14,30.57,30.74,30.57,30.709999,89600,29.527494
2018-08-15,30.59,30.83,30.59,30.816999,29200,29.630375
2018-08-16,30.879999,31.139999,30.879999,31.129999,142900,29.93132
2018-08-17,31.01,31.34,31.01,31.299999,28200,30.094774
2018-08-20,31.27,31.459,31.27,31.35,48800,30.142849
2018-08-21,31.41,31.41,31.25,31.299999,42600,30.094774
2018-08-22,31.209999,31.23,31.049999,31.094999,21600,29.897665
2018-08-23,31.120001,31.120001,31.02,31.049999,64800,29.854399
2018-08-24,31.110001,31.212,31.02,31.16,30400,29.960165
2018-08-27,31.209999,31.299999,31.07,31.16,29400,29.960165
2018-08-28,31.18,31.18,31.1,31.120001,46700,29.921707
2018-08-29,31.209999,31.27,31.132,31.23,32900,30.027468
2018-08-30,31.280001,31.280001,31.101,31.120001,20700,29.921707
2018-08-31,31.17,31.194,31,31.110001,14300,29.91209
2018-09-04,30.98,31.219999,30.98,31.059999,34400,29.864016
2018-09-05,31.1,31.370001,31.1,31.35,26900,30.142849
2018-09-06,31.42,31.486,31.363001,31.41,26400,30.200539
2018-09-07,31.25,31.267,31.173,31.264,20000,30.06016
2018-09-10,31.379999,31.51,31.35,31.392,32500,30.183231
2018-09-11,31.24,31.379999,31.24,31.290001,29900,30.085159
2018-09-12,31.23,31.483,31.23,31.440001,21100,30.229383
2018-09-13,31.58,31.58,31.393999,31.5,17800,30.287075
2018-09-14,31.59,31.59,31.32,31.49,21600,30.277458
2018-09-17,31.52,31.559,31.402,31.48,15800,30.267843
2018-09-18,31.43,31.43,31.292,31.360001,18900,30.152466
2018-09-19,31.49,31.49,31.01,31.055,37900,29.859209
2018-09-20,31.07,31.297001,31.042999,31.27,45400,30.065931
2018-09-21,31.24,31.42,31.24,31.4,24700,30.190924
2018-09-24,31.4,31.4,31.049999,31.059999,45400,29.864016
2018-09-25,30.85,30.85,30.58,30.58,26600,29.695053
2018-09-26,30.549999,30.66,30.389999,30.41,46400,29.52997
2018-09-27,30.33,30.610001,30.219999,30.450001,36400,29.568811
2018-09-28,30.440001,30.625,30.409,30.625,27100,29.73875
2018-10-01,30.639999,30.709,30.559999,30.559999,23900,29.675631
2018-10-02,30.57,30.843,30.57,30.774,41800,29.883436
2018-10-03,30.799999,30.926001,30.521,30.639999,80300,29.753313
2018-10-04,30.65,30.65,30.431,30.57,33800,29.685341
2018-10-05,30.549999,30.802999,30.549999,30.790001,22800,29.898975
2018-10-08,30.74,31.110001,30.74,31.1,13500,30.200003
2018-10-09,31.120001,31.179001,30.98,31.066,26600,30.166986
2018-10-10,30.92,31.110001,30.59,30.629999,44800,29.743601
2018-10-11,30.559999,30.559999,29.75,29.85,61200,28.986176
2018-10-12,29.99,29.99,29.639999,29.940001,39600,29.073572
2018-10-15,29.969999,30.179001,29.910999,29.99,29600,29.122124
2018-10-16,30.08,30.379999,30.08,30.379999,54700,29.500839
2018-10-17,30.23,30.445,30.16,30.41,11100,29.52997
2018-10-18,30.299999,30.6,30.200001,30.290001,44100,29.413443
2018-10-19,30.35,30.591999,30.33,30.540001,16200,29.656208
2018-10-22,30.610001,30.610001,30.229,30.299999,20900,29.423153
2018-10-23,30,30.360001,30,30.200001,60900,29.32605
2018-10-24,30.15,30.49,30.132999,30.17,27500,29.296917
2018-10-25,30.209999,30.26,29.959999,30.17,31400,29.296917
2018-10-26,30.01,30.09,29.58,29.65,57700,28.791964
2018-10-29,29.799999,30.280001,29.75,30.02,88900,29.151258
2018-10-30,29.950001,30.409,29.950001,30.4,26700,29.52026
2018-10-31,30.469999,30.469999,30.084999,30.200001,57900,29.32605
2018-11-01,30.129999,30.309999,30.129999,30.309999,123800,29.432863
2018-11-02,30.280001,30.35,29.85,30.040001,52700,29.170677
2018-11-05,30.200001,30.469999,30.200001,30.42,27800,29.53968
2018-11-06,30.459999,30.620001,30.4,30.594,26400,29.708647
2018-11-07,30.74,30.938,30.51,30.923,48200,30.028124
2018-11-08,30.93,30.98,30.77,30.82,33500,29.928104
2018-11-09,30.889999,31.030001,30.858,31,38000,30.102898
2018-11-12,31.02,31.198999,30.93,30.93,90300,30.034922
2018-11-13,31.030001,31.030001,30.809999,30.91,151400,30.015499
2018-11-14,31.030001,31.030001,30.735001,30.76,23500,29.869844
2018-11-15,30.59,30.848,30.516001,30.790001,18500,29.898975
2018-11-16,30.934999,31.048,30.854,30.975,71900,30.078619
2018-11-19,30.9,31.110001,30.82,30.976999,38100,30.080563
2018-11-20,30.959999,30.959999,30.636,30.67,48400,29.782446
2018-11-21,30.610001,30.76,30.52,30.539,108000,29.655237
2018-11-23,30.459999,30.547001,30.398001,30.530001,10400,29.646498
2018-11-26,30.65,30.690001,30.518999,30.68,243300,29.792156
2018-11-27,30.709999,30.92,30.65,30.914,169700,30.019384
2018-11-28,30.959999,31.125,30.799999,31.059999,24500,30.16116
2018-11-29,31.09,31.215,30.957001,31.16,108700,30.258266
2018-11-30,31.129999,31.41,31.129999,31.370001,44200,30.462191
2018-12-03,31.48,31.5,31.273001,31.5,116000,30.588428
2018-12-04,31.51,31.562,31,31.040001,80400,30.141739
2018-12-06,30.74,31.09,30.450001,31.09,59200,30.19029
2018-12-07,31.129999,31.190001,30.700001,30.82,67000,29.928104
2018-12-10,30.82,30.82,30.27,30.745001,309300,29.855276
2018-12-11,30.99,30.99,30.715,30.809999,42900,29.918396
2018-12-12,31.040001,31.040001,30.65,30.66,55600,29.772736
2018-12-13,30.76,30.857,30.67,30.799999,59200,29.908684
2018-12-14,30.559999,30.702,30.48,30.58,33000,29.695053
2018-12-17,30.48,30.547001,29.66,29.83,118100,28.966755
2018-12-18,29.799999,30.02,29.565001,29.73,58900,28.869646
2018-12-19,29.709999,30.07,29.389999,29.513,61000,28.658928
2018-12-20,29.51,29.539,28.940001,29.26,162200,28.41325
2018-12-21,29.190001,29.799999,28.98,29.07,65700,28.22875
2018-12-24,29.02,29.02,27.85,27.85,154600,27.044054
2018-12-26,27.65,28.41,27.379999,28.4,116700,27.85923
2018-12-27,28.139999,28.591999,27.82,28.591999,265700,28.047573
2018-12-28,28.700001,28.98,28.549999,28.655001,359800,28.109377
2018-12-31,28.75,28.763,28.43,28.68,146600,28.1339
2019-01-02,28.450001,28.59,28.35,28.41,69800,27.86904
2019-01-03,28.34,28.65,28.34,28.42,247800,27.878849
2019-01-04,28.469999,28.969999,28.469999,28.969999,46900,28.418377
2019-01-07,28.969999,29.181,28.906,29.02,44800,28.467424
2019-01-08,29.129999,29.32,29.120001,29.299999,46000,28.742092
2019-01-09,29.43,29.43,29.17,29.25,60800,28.693047
2019-01-10,29.23,29.523001,29.138,29.5,40200,28.938284
2019-01-11,29.5,29.549999,29.429001,29.549999,23700,28.987331
2019-01-14,29.35,29.440001,29.233999,29.32,215500,28.761711
2019-01-15,29.25,29.629999,29.25,29.620001,32600,29.056002
2019-01-16,29.620001,29.620001,29.49,29.58,44000,29.01676
2019-01-17,29.559999,29.719999,29.517,29.690001,62800,29.124666
2019-01-18,29.92,30.02,29.85,29.969999,49300,29.399334
2019-01-22,29.98,29.98,29.6,29.809999,192100,29.242382
2019-01-23,29.84,29.934999,29.733999,29.91,94500,29.340477
2019-01-24,29.950001,29.950001,29.712999,29.860001,45600,29.291431
2019-01-25,29.99,30.09,29.84,29.91,67400,29.340477
2019-01-28,29.889999,29.889999,29.68,29.809999,57500,29.242382
2019-01-29,29.860001,30.02,29.85,29.99,167700,29.418955
2019-01-30,30,30.285,30,30.219999,49100,29.644575
2019-01-31,30.299999,30.77,30.17,30.77,105100,30.184105
2019-02-01,30.82,30.82,30.5,30.663,52000,30.079142
2019-02-04,30.75,30.75,30.51,30.75,42400,30.164484
2019-02-05,30.84,30.84,30.65,30.77,35500,30.184105
2019-02-06,30.780001,30.790001,30.684999,30.77,93800,30.184105
2019-02-07,30.709999,30.719999,30.5,30.708,68100,30.123281
2019-02-08,30.674999,30.790001,30.570999,30.764,24800,30.178217
2019-02-11,30.92,30.92,30.780001,30.9,144100,30.311628
2019-02-12,30.99,31.048,30.875999,31.02,53000,30.429342
2019-02-13,31,31.049999,30.9,31.02,76500,30.429342
2019-02-14,30.926001,31.1,30.912001,31.01,59000,30.419535
2019-02-15,31.190001,31.23,31.09,31.23,88700,30.635344
2019-02-19,31.26,31.42,31.129999,31.379999,71500,30.782488
2019-02-20,31.4,31.48,31.280001,31.459999,102700,30.860964
2019-02-21,31.440001,31.547001,31.309999,31.547001,135600,30.946308
2019-02-22,31.49,31.549999,31.34,31.549999,86500,30.949249
2019-02-25,31.68,31.68,31.379,31.450001,51200,30.851154
2019-02-26,31.41,31.475,31.33,31.389999,127700,30.792297
2019-02-27,31.280001,31.389999,31.266001,31.389999,40800,30.792297
2019-02-28,31.299999,31.49,31.280001,31.41,82200,30.811914
2019-03-01,31.59,31.59,31.27,31.469999,52000,30.870773
2019-03-04,31.540001,31.559999,31.16,31.450001,45800,30.851154
2019-03-05,31.459999,31.469999,31.378,31.42,50700,30.821728
2019-03-06,31.450001,31.450001,31.27,31.332001,32100,30.735403
2019-03-07,31.299999,31.360001,31.18,31.237,44200,30.64221
2019-03-08,31.25,31.25,31.040001,31.23,151600,30.635344
2019-03-11,31.309999,31.6,31.309999,31.58,83700,30.97868
2019-03-12,31.59,31.74,31.584999,31.67,52900,31.066965
2019-03-13,31.690001,31.85,31.690001,31.77,66200,31.165064
2019-03-14,31.84,31.85,31.719999,31.815001,97700,31.209204
2019-03-15,31.9,31.959999,31.799999,31.85,59100,31.243538
2019-03-18,31.950001,31.959999,31.790001,31.868,81200,31.261196
2019-03-19,31.9,31.913,31.65,31.690001,41800,31.086586
2019-03-20,31.82,31.85,31.566999,31.620001,72200,31.017918
2019-03-21,31.57,32.068001,31.57,32.040001,268500,31.42992
2019-03-22,31.99,32.119999,31.85,31.85,87800,31.243538
2019-03-25,31.870001,31.934,31.790001,31.9,47700,31.292585
2019-03-26,31.82,31.92,31.690001,31.879999,40600,31.518993
2019-03-27,31.91,31.929001,31.620001,31.76,51000,31.400351
2019-03-28,31.809999,31.879999,31.599001,31.74,40000,31.380577
2019-03-29,31.889999,31.889999,31.738001,31.809999,60300,31.449785
2019-04-01,31.950001,31.950001,31.75,31.9,121500,31.538765
2019-04-02,31.889999,31.889999,31.771,31.868999,68700,31.508118
2019-04-03,31.969999,31.969999,31.75,31.85,66700,31.489332
2019-04-04,31.9,31.91,31.724001,31.85,68600,31.489332
2019-04-05,31.85,32.07,31.809999,32.07,68900,31.706842
2019-04-08,32.110001,32.110001,31.92,32,66200,31.637634
2019-04-09,31.92,31.959999,31.82,31.889999,128800,31.528879
2019-04-10,31.950001,32.005001,31.898001,31.98,36000,31.617859
2019-04-11,32,32.099998,31.969999,32.080002,22900,31.71673
2019-04-12,32.189999,32.189999,32.044998,32.139999,68200,31.776047
2019-04-15,32.23,32.23,32.060001,32.099998,88800,31.7365
2019-04-16,32.200001,32.213001,31.85,31.948999,233500,31.587212
2019-04-17,32.060001,32.060001,31.870001,31.889999,33900,31.528879
2019-04-18,31.889999,31.921,31.799999,31.799999,43200,31.439899
2019-04-22,31.809999,31.865,31.735001,31.799999,52100,31.439899
2019-04-23,31.83,31.9,31.75,31.881001,42900,31.519981
2019-04-24,31.9,32,31.844999,31.91,49200,31.548653
2019-04-25,31.73,31.870001,31.65,31.75,172300,31.390465
2019-04-26,31.82,32.09,31.82,32.029999,26900,31.667294
2019-04-29,32.009998,32.09,31.955999,31.99,147500,31.627748
2019-04-30,31.969999,32.349998,31.969999,32.349998,27800,31.983669
2019-05-01,32.32,32.32,31.93,31.93,30300,31.568426
2019-05-02,31.639999,31.74,31.559,31.639999,79500,31.562441
2019-05-03,31.719999,31.889999,31.709999,31.879999,53300,31.801851
2019-05-06,31.620001,31.77,31.6,31.719999,58000,31.642244
2019-05-07,31.5,31.593,31.166,31.360001,118100,31.283129
2019-05-08,31.280001,31.309999,31.158001,31.17,47300,31.093594
2019-05-09,31.049999,31.209999,30.91,31.200001,59800,31.12352
2019-05-10,31.129999,31.540001,30.959999,31.5,39500,31.422785
2019-05-13,31.27,31.319,31.131001,31.290001,40500,31.213299
2019-05-14,31.370001,31.48,31.304001,31.34,53500,31.263176
2019-05-15,31.290001,31.5,31.219,31.43,27900,31.352957
2019-05-16,31.49,31.74,31.49,31.620001,37500,31.54249
2019-05-17,31.540001,31.74,31.5,31.58,30100,31.502588
2019-05-20,31.58,31.65,31.402,31.52,116400,31.442736
2019-05-21,31.610001,31.73,31.597,31.653999,49800,31.576406
2019-05-22,31.6,31.714001,31.57,31.67,24600,31.592367
2019-05-23,31.530001,31.610001,31.445999,31.607,35900,31.529522
2019-05-24,31.709999,31.73,31.610001,31.629999,34000,31.552465
2019-05-28,31.66,31.700001,31.184999,31.190001,42400,31.113544
2019-05-29,31.08,31.08,30.790001,30.9,88500,30.824255
2019-05-30,30.969999,31.040001,30.792999,30.879999,42300,30.804302
2019-05-31,30.700001,30.766001,30.5,30.712,52200,30.636715
2019-06-03,30.67,31.1,30.67,31.08,46400,31.003813
2019-06-04,31.23,31.299,31.028999,31.299,34500,31.222277
2019-06-05,31.440001,31.67,31.4,31.67,85800,31.592367
2019-06-06,31.73,31.870001,31.593,31.790001,37900,31.712074
2019-06-07,31.940001,32.130001,31.85,31.85,36900,31.771927
2019-06-10,31.9,31.9,31.752001,31.83,39500,31.751974
2019-06-11,31.870001,31.969,31.711,31.809999,97000,31.732023
2019-06-12,31.85,31.969999,31.85,31.950001,39800,31.871681
2019-06-13,32.040001,32.07,31.921,32.049999,83000,31.971436
2019-06-14,32.029999,32.23,32.029999,32.16,52300,32.081165
2019-06-17,32.200001,32.209999,32.07,32.119999,125400,32.041264
2019-06-18,32.34,32.34,32.112,32.150002,34500,32.071194
2019-06-19,32.209999,32.375,32.139999,32.330002,48200,32.250751
2019-06-20,32.540001,32.556999,32.346001,32.5,63000,32.420334
2019-06-21,32.549999,32.549999,32.32,32.439999,74700,32.360477
2019-06-24,32.439999,32.480999,32.355999,32.355999,35300,32.276684
2019-06-25,32.490002,32.490002,32.16,32.169998,227600,32.091141
2019-06-26,32.16,32.16,31.780001,31.780001,41100,31.702099
2019-06-27,31.91,31.964001,31.848,31.959999,61600,31.881655
2019-06-28,32.009998,32.16,32.009998,32.16,70700,32.081165
2019-07-01,32.41,32.41,32.014999,32.119999,68700,32.041264
2019-07-02,32.200001,32.299999,32.119999,32.285999,58500,32.206856
2019-07-03,32.419998,32.709999,32.419998,32.709999,19500,32.629818
2019-07-05,32.700001,32.700001,32.346001,32.619999,41300,32.540039
2019-07-08,32.639999,32.639999,32.470001,32.560001,178900,32.480186
2019-07-09,32.5,32.549999,32.404999,32.529999,93000,32.450256
2019-07-10,32.669998,32.709999,32.553001,32.580002,50100,32.500137
2019-07-11,32.669998,32.669998,32.358002,32.5,38700,32.420334
2019-07-12,32.639999,32.639999,32.509998,32.599998,54700,32.520084
2019-07-15,32.66,32.66,32.563,32.619999,40400,32.540039
2019-07-16,32.669998,32.669998,32.474998,32.549999,93000,32.470211
2019-07-17,32.52,32.619999,32.380001,32.380001,81600,32.300629
2019-07-18,32.41,32.509998,32.200001,32.470001,99100,32.390408
2019-07-19,32.580002,32.580002,32.200001,32.220001,31400,32.141022
2019-07-22,32.279999,32.279999,32.049,32.110001,110400,32.031288
2019-07-23,32.240002,32.290001,32.075001,32.279999,30500,32.200871
2019-07-24,32.360001,32.459999,32.279999,32.459999,34300,32.380428
2019-07-25,32.439999,32.439999,32.23,32.360001,29400,32.280678
2019-07-26,32.32,32.540001,32.310001,32.540001,186300,32.460236
2019-07-29,32.599998,32.610001,32.490002,32.560001,75200,32.480186
2019-07-30,32.580002,32.580002,32.419998,32.465,85800,32.385418
2019-07-31,32.529999,32.540001,32.202999,32.259998,34400,32.18092
2019-08-01,32.25,32.540001,32.167,32.240002,62800,32.160973
2019-08-02,32.25,32.25,32.029999,32.099998,61500,32.021313
2019-08-05,31.92,31.92,31.190001,31.469999,133400,31.392857
2019-08-06,31.620001,31.780001,31.35,31.780001,58900,31.702099
2019-08-07,31.66,31.93,31.34,31.82,58800,31.741999
2019-08-08,31.84,32.220001,31.75,32.220001,55500,32.220001
2019-08-09,32.200001,32.240002,31.92,32.139999,98000,32.139999
2019-08-12,32.099998,32.099998,31.767,31.879999,26600,31.879999
2019-08-13,31.940001,32.235001,31.870001,32.139999,47600,32.139999
2019-08-14,31.93,31.93,31.459999,31.48,64200,31.48
2019-08-15,31.620001,31.735001,31.469,31.690001,94400,31.690001
2019-08-16,31.799999,32.09,31.781,32.009998,29000,32.009998
2019-08-19,32.349998,32.41,32.223,32.360001,47700,32.360001
2019-08-20,32.389999,32.389999,32.071999,32.09,48900,32.09
2019-08-21,32.299999,32.299999,32.16,32.290001,77800,32.290001
2019-08-22,32.400002,32.400002,32.139,32.330002,66700,32.330002
2019-08-23,32.330002,32.400002,31.65,31.790001,105100,31.790001
2019-08-26,31.959999,32.060001,31.84,32.060001,79400,32.060001
2019-08-27,32.200001,32.284,31.93,31.93,92100,31.93
2019-08-28,31.870001,32.139999,31.870001,32.130001,63700,32.130001
2019-08-29,32.279999,32.401001,32.205002,32.400002,62200,32.400002
2019-08-30,32.560001,32.57,32.429001,32.458,44300,32.458
2019-09-03,32.43,32.599998,32.280998,32.599998,66400,32.599998
2019-09-04,32.860001,32.860001,32.657001,32.82,102800,32.82
2019-09-05,32.889999,32.93,32.790001,32.860001,155300,32.860001
2019-09-06,32.990002,33,32.91,32.959999,99700,32.959999
2019-09-09,32.98,33.029999,32.91,33.029999,334500,33.029999
2019-09-10,33.049999,33.110001,32.872002,33.110001,314900,33.110001
2019-09-11,33.18,33.360001,33,33.360001,139100,33.360001
2019-09-12,33.48,33.492001,33.32,33.400002,236600,33.400002
2019-09-13,33.470001,33.5,33.202999,33.259998,107500,33.259998
2019-09-16,33.299999,33.299999,33.150002,33.259998,148100,33.259998
2019-09-17,33.299999,33.459999,33.299999,33.459999,84700,33.459999
2019-09-18,33.470001,33.470001,33.169998,33.43,128200,33.43
2019-09-19,33.450001,33.509998,33.389999,33.419998,92100,33.419998
2019-09-20,33.43,33.568001,33.380001,33.48,81700,33.48
2019-09-23,33.459999,33.549999,33.411999,33.452,86900,33.452
2019-09-24,33.610001,33.630001,33.333,33.421001,179800,33.421001
2019-09-25,33.369999,33.529999,33.369999,33.529999,80600,33.529999
2019-09-26,33.560001,33.610001,33.369999,33.529999,57400,33.529999
2019-09-27,33.639999,33.639999,33.310001,33.5,139700,33.5
