symbol,inception
SFYF,2019-05-08
GIGE,2019-05-08
HERD,2019-05-03
PTIN,2019-05-02
ECOW,2019-05-02
BUL,2019-05-02
TPLC,2019-05-01
TPHD,2019-05-01
USI,2019-04-24
SEIX,2019-04-24
YOLO,2019-04-17
RYLD,2019-04-17
IDRV,2019-04-16
IBMQ,2019-04-16
GSST,2019-04-15
KEMX,2019-04-12
CLOU,2019-04-12
YGRN,2019-04-12
NRGZ,2019-04-12
NRGU,2019-04-12
NRGO,2019-04-12
NRGD,2019-04-12
SFYX,2019-04-11
SFY,2019-04-11
IBMP,2019-04-09
GNOM,2019-04-05
IXSE,2019-04-04
XLSR,2019-04-02
KNAB,2019-04-02
IBMO,2019-04-02
FISR,2019-04-02
BNKZ,2019-04-02
BNKU,2019-04-02
BNKO,2019-04-02
BNKD,2019-03-20
UAPR,2019-04-01
PAPR,2019-04-01
BAPR,2019-04-01
AOIL,2019-03-30
JAMF,2019-03-29
EUMF,2019-03-29
NETL,2019-03-22
HOMZ,2019-03-20
FOVL,2019-03-19
DYNF,2019-03-19
DMRE,2019-03-19
RYZZ,2019-03-14
LSLT,2019-03-12
JHCS,2019-03-12
BBUS,2019-03-12
BBSA,2019-03-12
USSG,2019-03-07
EWJE,2019-03-05
EWJV,2019-03-05
FIVG,2019-03-04
GDAT,2019-03-01
GFIN,2019-03-01
GDNA,2019-03-01
GMAN,2019-03-01
GBUY,2019-03-01
FDEV,2019-02-26
FDEM,2019-02-26
FSMD,2019-02-26
USDY,2019-02-12
VRAI,2019-02-07
VPC,2019-02-07
WINC,2019-02-07
BKCH,2019-02-06
ARKF,2019-02-04
TPAY,2019-01-31
TCLD,2019-01-31
XBUY,2019-01-30
AWTM,2019-01-29
JCPB,2019-01-28
LGOV,2019-01-22
RWVG,2019-01-16
RWGV,2019-01-16
RWLS,2019-01-16
RWSL,2019-01-16
RWCD,2019-01-16
RWDC,2019-01-16
RWED,2019-01-16
RWDE,2019-01-16
RWUI,2019-01-16
RWIU,2019-01-16
YCOM,2019-01-15
XCOM,2019-01-15
SCOM,2019-01-15
UCOM,2019-01-15
TAWK,2019-01-14
MUTE,2019-01-14
LDSF,2019-01-04
UJAN,2019-01-02
BJAN,2019-01-02
PJAN,2019-01-02
SSPY,2019-01-02
ERSX,2018-12-28
SDAG,2018-12-18
GLBY,2018-12-13
IQIN,2018-12-13
JAGG,2018-12-12
JIGB,2018-12-12
CHIU,2018-12-07
CHIS,2018-12-07
CHIR,2018-12-07
CHIL,2018-12-07
CHIK,2018-12-07
CHIH,2018-12-07
IMFI,2018-12-06
IMFD,2018-12-06
XLEY,2018-12-06
XLSY,2018-12-06
XLTY,2018-12-06
XLUY,2018-12-06
PASS,2018-11-29
WANT,2018-11-29
LACK,2018-11-29
NEED,2018-11-29
DMDV,2018-11-27
EBIZ,2018-11-27
GDG,2018-11-15
GDMA,2018-11-15
BGRN,2018-11-13
IBMN,2018-11-13
PQSG,2018-11-13
PQSV,2018-11-13
SMHB,2018-11-08
EWCO,2018-11-07
TTTN,2018-11-06
SWAN,2018-11-06
FDNI,2018-11-05
PAWZ,2018-11-05
FUMB,2018-11-01
FSMB,2018-11-01
DQML,2018-11-01
GOAT,2018-10-30
DURA,2018-10-30
MFMS,2018-10-30
PACA,2018-10-30
JMUB,2018-10-29
DSTL,2018-10-24
XKFF,2018-10-22
XKCP,2018-10-22
KOMP,2018-10-22
EAGG,2018-10-18
PQLC,2018-10-17
JMST,2018-10-16
ESPO,2018-10-16
MUST,2018-10-10
FLZA,2018-10-09
FLLA,2018-10-09
FLSA,2018-10-09
BSDE,2018-10-04
BSCE,2018-10-04
BSBE,2018-10-04
BSAE,2018-10-04
FPXE,2018-10-04
WBND,2018-10-03
LSAF,2018-10-02
BOCT,2018-10-01
JHEM,2018-09-27
PFFL,2018-09-25
PHYL,2018-09-24
SDGA,2018-09-24
UTRN,2018-09-21
VSGX,2018-09-20
ESGV,2018-09-20
ZHOK,2018-09-18
IBDT,2018-09-18
AFIF,2018-09-18
BOUT,2018-09-13
ISEM,2018-09-12
ISDS,2018-09-12
ISDX,2018-09-12
IUSS,2018-09-12
IUS,2018-09-12
JMBS,2018-09-12
TRTY,2018-09-10
TAXF,2018-09-10
QINT,2018-09-10
QGRO,2018-09-10
EASG,2018-09-06
DVLU,2018-09-05
DVOL,2018-09-05
BNDW,2018-09-05
QTUM,2018-09-05
BJUL,2018-08-29
AUSF,2018-08-28
WOMN,2018-08-27
PYPE,2018-08-20
AAAU,2018-08-15
CHNA,2018-08-14
DWMF,2018-08-10
EMMF,2018-08-10
BSCS,2018-08-09
BSJQ,2018-08-09
DRSK,2018-08-08
PJUL,2018-08-08
UJUL,2018-08-08
BBCA,2018-08-07
BBAX,2018-08-07
REDV,2018-08-07
RIDV,2018-08-07
NTSX,2018-08-02
GNAF,2018-08-01
FNGZ,2018-08-01
FNGO,2018-08-01
AUGR,2018-08-01
TFIV,2018-07-27
TFLT,2018-07-27
FCTR,2018-07-26
LOUP,2018-07-25
IEMD,2018-07-25
IEMV,2018-07-25
IHYD,2018-07-25
IHYV,2018-07-25
IIGV,2018-07-25
IIGD,2018-07-25
IMFP,2018-07-25
IMFC,2018-07-25
SZNE,2018-07-23
PEXL,2018-07-23
OSCV,2018-07-18
NACP,2018-07-18
HYGV,2018-07-17
ONLN,2018-07-13
QDIV,2018-07-13
OPER,2018-07-11
DWSH,2018-07-10
DWMC,2018-07-10
ACES,2018-06-29
KCCB,2018-06-28
IRBO,2018-06-26
GLDM,2018-06-25
BIKR,2018-06-21
BCNA,2018-06-20
PETZC,2018-06-19
XLC,2018-06-18
BBEU,2018-06-15
BBJP,2018-06-15
BBRE,2018-06-15
EASI,2018-06-14
FDHY,2018-06-12
FLDR,2018-06-12
IAUF,2018-06-08
JUST,2018-06-07
AIIQ,2018-06-06
BATT,2018-06-06
OGIG,2018-06-05
UCON,2018-06-04
HSRT,2018-05-30
FLHY,2018-05-30
FLIA,2018-05-30
FLBL,2018-05-30
SLT,2018-05-16
BKC,2018-05-16
PFFA,2018-05-15
SRVR,2018-05-15
RTL,2018-05-15
INDS,2018-05-14
DALI,2018-05-14
AIQ,2018-05-11
FEUL,2018-05-10
LQDI,2018-05-08
SDCI,2018-05-03
SPXB,2018-05-01
UBOT,2018-04-19
HTAB,2018-04-18
IG,2018-04-17
DRIV,2018-04-13
CGVIC,2018-04-13
CIVEC,2018-04-13
VETS,2018-04-10
ESML,2018-04-10
RAAX,2018-04-09
QARP,2018-04-05
PULS,2018-04-05
MSUS,2018-04-04
IFRA,2018-04-03
CMDY,2018-04-03
PPTY,2018-03-27
KNG,2018-03-26
MXDE,2018-03-26
BDRY,2018-03-22
IECS,2018-03-21
IEDI,2018-03-21
IEFN,2018-03-21
IEHS,2018-03-21
IEIH,2018-03-21
IEME,2018-03-21
IETC,2018-03-21
IBMM,2018-03-20
FFEU,2018-03-15
FIYY,2018-03-15
DINT,2018-03-01
BOON,2018-02-28
VSL,2018-02-23
ROBT,2018-02-21
GRBIC,2018-02-16
RPIBC,2018-02-16
BVNSC,2018-02-13
VFMF,2018-02-15
VFMV,2018-02-15
VFLQ,2018-02-15
VFMO,2018-02-15
VFQY,2018-02-15
VFVA,2018-02-15
PPTB,2018-02-15
PPDM,2018-02-15
PPEM,2018-02-15
PPMC,2018-02-15
USDY,2018-02-14
EKAR,2018-02-13
FLIN,2018-02-06
FLRU,2018-02-06
FLSW,2018-02-06
FLAX,2018-02-06
IDIV,2018-02-05
XDIV,2018-02-05
KURE,2018-02-01
RPUT,2018-02-01
TMFC,2018-01-30
KOIN,2018-01-30
JPMB,2018-01-29
LEGR,2018-01-24
JPLS,2018-01-23
PLTM,2018-01-22
FNGU,2018-01-22
FNGD,2018-01-22
HONR,2018-01-19
KARS,2018-01-18
BLOK,2018-01-17
BLCN,2018-01-17
HNDL,2018-01-17
JJAB,2018-01-17
JJUB,2018-01-17
BJO,2018-01-17
JJCB,2018-01-17
BALB,2018-01-17
JJEB,2018-01-17
JJGB,2018-01-17
JJMB,2018-01-17
COWB,2018-01-17
BJJN,2018-01-17
PGMB,2018-01-17
JJPB,2018-01-17
JJSB,2018-01-17
SGGB,2018-01-17
JJTB,2018-01-17
VXZB,2018-01-17
VXXB,2018-01-17
FIDI,2018-01-16
FIVA,2018-01-16
KORP,2018-01-16
VALQ,2018-01-16
HYUP,2018-01-11
PRID,2018-01-10
SHYL,2018-01-10
DOGS,2018-01-03
WLDR,2017-12-29
DWCR,2017-12-29
DTEC,2017-12-29
LSST,2017-12-27
XKST,2017-12-26
XKII,2017-12-26
XKFS,2017-12-26
MJX,2017-12-26
WCHN,2017-12-21
WBAL,2017-12-21
LDRS,2017-12-21
JBRI,2017-12-20
WTMF,2017-12-18
QSY,2017-12-18
USAI,2017-12-13
HMOP,2017-12-13
CLRG,2017-12-13
UJPY,2017-12-12
UGBP,2017-12-12
UEUR,2017-12-12
UCHF,2017-12-12
UAUD,2017-12-12
DJPY,2017-12-12
DGBP,2017-12-12
DEUR,2017-12-12
DCHF,2017-12-12
DAUD,2017-12-12
ACT,2017-12-12
PWS,2017-12-11
HFGIC,2017-12-06
BUY,2017-12-05
BUYN,2017-12-05
JPED,2017-11-30
IZRL,2017-11-30
JPMF,2017-11-30
SPDV,2017-11-28
EEMD,2017-11-28
CLIX,2017-11-14
EMTY,2017-11-14
OMFL,2017-11-08
OMFS,2017-11-08
OMOM,2017-11-08
OQAL,2017-11-08
OSIZ,2017-11-08
OVLU,2017-11-08
OVOL,2017-11-08
OYLD,2017-11-08
VTC,2017-11-09
PXUS,2017-11-08
JVAL,2017-11-08
JQUA,2017-11-08
JMOM,2017-11-08
JMIN,2017-11-08
JDIV,2017-11-08
JHSC,2017-11-08
ENTR,2017-11-08
EMEM,2017-11-07
DIVB,2017-11-07
FLMX,2017-11-03
FLBR,2017-11-03
FLGB,2017-11-02
FLTW,2017-11-02
FLKR,2017-11-02
FLJH,2017-11-02
FLJP,2017-11-02
FLIY,2017-11-02
FLHK,2017-11-02
FLGR,2017-11-02
FLFR,2017-11-02
FLEH,2017-11-02
FLEE,2017-11-02
FLCH,2017-11-02
FLCA,2017-11-02
FLAU,2017-11-02
SDVY,2017-11-01
FMHI,2017-11-01
BIBL,2017-10-31
RVRS,2017-10-31
FTVA,2017-10-31
FFSG,2017-10-31
FFTG,2017-10-31
GUDB,2017-10-30
EURZ,2017-10-27
GRMY,2017-10-27
CEY,2017-10-26
USHY,2017-10-25
ULVM,2017-10-24
USVM,2017-10-24
UIVM,2017-10-24
UEVM,2017-10-24
USTB,2017-10-24
UITB,2017-10-24
PVAL,2017-10-18
PMOM,2017-10-18
AIEQ,2017-10-18
MMIN,2017-10-18
MMIT,2017-10-18
GOP,2017-10-17
DEMS,2017-10-17
TAXR,2017-10-17
BERN,2017-10-16
BRGL,2017-10-16
LOGO,2017-10-16
KGRN,2017-10-13
KEMQ,2017-10-12
DIAL,2017-10-12
USMC,2017-10-11
SCHK,2017-10-11
VGFO,2017-10-10
CHGX,2017-10-06
LFEQ,2017-10-04
NUBD,2017-09-29
PBND,2017-09-29
DALT,2017-09-28
HTRB,2017-09-27
BSCR,2017-09-27
BSJP,2017-09-27
PBDM,2017-09-22
PBEE,2017-09-22
PBSM,2017-09-22
PBTP,2017-09-22
PBUS,2017-09-22
RBIN,2017-09-15
RBUS,2017-09-15
MXDU,2017-09-15
DBRT,2017-09-14
UBRT,2017-09-14
MLQD,2017-09-14
LLQD,2017-09-14
IBDS,2017-09-14
GSEW,2017-09-12
PFFD,2017-09-11
XNTK,2017-09-11
OBOR,2017-09-07
MAGA,2017-09-07
GHYB,2017-09-05
SECT,2017-09-05
MFUS,2017-08-31
MFEM,2017-08-31
MFDX,2017-08-31
FLMI,2017-08-31
FLMB,2017-08-31
BAR,2017-08-31
DWPP,2012-08-30
YESR,2016-09-21
FPEI,2017-08-23
FMDG,2017-08-21
FFIU,2017-08-21
EMBU,2017-08-17
ULBR,2017-08-15
DLBR,2017-08-15
AMCA,2017-08-08
EDOW,2017-08-08
DMRL,2017-07-31
DMRM,2017-07-31
DMRS,2017-07-31
DMRI,2017-07-31
EQRR,2017-07-26
USOD,2017-07-20
EMXC,2017-07-18
USEQ,2017-07-13
EUXL,2017-07-12
SQLV,2017-07-12
SPMV,2017-07-12
SUSB,2017-07-12
SUSC,2017-07-12
FANZ,2017-07-11
HYDB,2017-07-11
IGEB,2017-07-11
RGLB,2017-07-11
REFA,2017-07-11
REEM,2017-07-11
IBD,2017-07-10
PREF,2017-07-10
FNG,2017-07-11
SMMD,2017-07-06
USMF,2017-06-29
VESH,2017-06-28
TTAI,2017-06-28
OCIO,2017-06-28
GOAU,2017-06-28
GSSC,2017-06-27
VSMV,2017-06-22
RNDM,2017-06-20
RNDV,2017-06-20
RNEM,2017-06-20
RNLC,2017-06-20
RNMC,2017-06-20
RNSC,2017-06-20
FCAL,2017-06-20
GMFL,2017-06-20
ICOW,2017-06-16
CALF,2017-06-16
PPLN,2017-06-12
BVAL,2017-06-13
GIGB,2017-06-06
NUDM,2017-06-07
NUEM,2017-06-07
FFTI,2017-06-05
FFHG,2017-06-05
AMLX,2017-06-01
AGT,2017-04-25
CCOR,2017-05-24
LRGE,2017-05-22
YLDE,2017-05-22
COMB,2017-05-22
COMG,2017-05-22
JPST,2017-05-17
SHAG,2017-05-18
CSML,2017-05-16
LVIN,2017-05-10
LVUS,2017-05-10
GDVD,2017-05-09
VMOT,2017-05-03
CACG,2017-05-03
DFEN,2017-05-03
MEXX,2017-05-03
TPOR,2017-05-03
UTSL,2017-05-03
DUSL,2017-05-03
EVIX,2017-05-02
EXIV,2017-05-02
FLQL,2017-04-26
FLQM,2017-04-26
FLQS,2017-04-26
USOI,2017-04-25
TETF,2017-04-20
VSDA,2017-04-18
IBML,2017-04-11
ICAN,2017-04-11
ERM,2017-04-10
TERM,2017-04-10
TAIL,2017-04-06
SPVM,2017-04-06
XSHQ,2017-04-06
JPGB,2017-04-06
ARCM,2017-03-31
NUSA,2017-03-31
COM,2017-03-30
CWAI,2017-03-30
BEF,2017-03-30
BCD,2017-03-30
BCI,2017-03-30
OILD,2017-03-24
OILU,2017-03-24
IDEV,2017-03-21
ONTL,2017-03-22
HCOR,2017-03-21
HQBD,2017-03-21
CEFS,2017-03-21
SQZZ,2017-03-21
GAZB,2017-03-08
PAVE,2017-03-06
GRNB,2017-03-03
ISMD,2017-02-28
BLES,2017-02-28
PSMM,2017-02-23
PSMG,2017-02-23
PSMB,2017-02-23
PSMC,2017-02-23
TBLU,2017-02-16
HYLV,2017-02-15
FIXD,2017-02-14
BOSS,2017-02-13
XMX,2017-02-10
PFFR,2017-02-07
GLDW,2017-01-27
FLIO,2017-01-25
QXTR,2017-01-25
QXRR,2017-01-25
QXGG,2017-01-25
QXMI,2017-01-25
XUSA,2017-01-25
CUMB,2017-01-17
CLTL,2017-01-11
DWLD,2017-01-11
DFNL,2017-01-11
DUSA,2017-01-11
SWIN,2017-01-10
SPLZ,2017-01-05
UTLZ,2017-01-05
WTIU,2017-01-04
WTID,2017-01-04
OUSM,2016-12-30
XU,2016-12-30
XM,2016-12-30
XK,2016-12-30
XI,2016-12-30
XH,2016-12-30
XF,2016-12-30
XE,2016-12-30
XD,2016-12-30
XS,2016-12-30
INFR,2016-12-29
BMLP,2016-12-19
WBIY,2016-12-19
NURE,2016-12-19
COWZ,2016-12-16
JHMD,2016-12-15
NULV,2016-12-14
NULG,2016-12-14
NUMV,2016-12-14
NUMG,2016-12-14
NUSC,2016-12-14
DIVO,2016-12-14
WEAR,2016-12-09
UWT,2016-12-08
DWT,2016-12-08
SGQI,2016-12-07
HYLB,2016-12-07
BLHY,2016-12-05
ESGU,2016-12-01
XSHD,2016-12-01
IDHD,2016-12-01
BNDC,2016-11-18
LVHE,2016-11-17
OILB,2016-11-17
VNLA,2016-11-17
JPSE,2016-11-15
EFAS,2016-11-14
DHDG,2016-11-04
MENU,2016-11-04
FLEU,2016-11-03
CWEB,2016-11-02
GVIP,2016-11-02
IMTB,2016-11-01
ACSI,2016-11-01
TCTL,2016-10-28
ESGL,2016-10-28
ESGF,2016-10-27
MVIN,2016-10-25
IFIX,2016-10-25
IGVT,2016-10-25
EEMX,2016-10-24
EFAX,2016-10-24
LVHB,2016-10-20
WSKY,2016-10-12
RORE,2016-10-03
FLCO,2016-10-03
KOR,2016-09-28
TTAC,2016-09-28
MCEF,2016-09-26
FCEF,2016-09-26
OILK,2016-09-26
VRIG,2016-09-22
PSC,2016-09-21
RCOM,2016-09-21
DWAC,2016-09-21
PFV,2016-09-21
CWS,2016-09-20
FLLV,2016-09-20
USMR,2016-09-20
FTXO,2016-09-20
FTXG,2016-09-20
FTXN,2016-09-20
FTXH,2016-09-20
FTXD,2016-09-20
FTXL,2016-09-20
FTXR,2016-09-19
ITMS,2016-09-17
ITML,2016-09-19
NUAG,2016-09-16
JPHY,2016-09-14
BSJO,2016-09-14
BSCQ,2016-09-14
JPHF,2016-09-14
IBDR,2016-09-13
SNSR,2016-09-12
BOTZ,2016-09-12
FINX,2016-09-12
FDVV,2016-09-12
FDRR,2016-09-12
FDLO,2016-09-12
FDMO,2016-09-12
FQAL,2016-09-12
FVAL,2016-09-07
SMMV,2016-09-07
GBIL,2016-09-06
DULL,2016-09-08
SHNY,2016-09-08
IMED,2016-08-31
FINQ,2016-08-31
HDMV,2016-08-25
HUSV,NA
GENY,2016-08-19
BTEC,2016-08-19
PMPT,2016-08-16
MLPE,2016-08-11
EUFS,2016-08-10
WTRX,2016-08-09
MELT,2016-07-27
EUFL,2016-07-27
LVHI,2016-07-27
WBIR,2016-07-25
PRNT,2016-07-18
DWLV,2016-07-14
EYLD,2016-07-14
ESG,2016-07-13
ESGG,2016-07-13
XIVH,2016-07-13
BSWN,2016-07-13
LSVX,2016-07-13
IGEM,2016-07-13
KRMA,2016-07-11
REML,2016-07-11
SCAP,2016-07-10
OEW,2016-06-30
ESGE,2016-06-28
ESGD,2016-06-28
DESC,2016-06-28
XTH,2016-06-28
XWEB,2016-06-28
OILD,2016-06-28
OILU,2016-06-28
TALL,2016-06-27
HYDD,2016-06-16
HYXE,2016-06-14
FALN,2016-06-14
RFEM,2016-06-14
RFUN,2016-06-14
RFCI,2016-06-14
ESGW,2016-06-13
ESGN,2016-06-13
ESGS,2016-06-13
CNYA,2016-06-13
BEMO,2016-06-09
SLIM,2016-06-08
ORG,2016-06-08
OLD,2016-06-08
FITS,2016-06-08
SPDN,2016-06-08
RFFC,2016-06-01
RFDA,2016-06-07
DWFI,2016-06-01
FLQD,2016-06-01
FLQH,2016-06-01
FLQE,2016-06-01
FLQG,2016-06-01
EPRF,2016-05-24
IGRO,2016-05-19
FAAR,2016-05-19
AMJL,2016-05-17
LNGR,2016-05-11
BFIT,2016-05-11
ERGF,2016-05-10
FNCF,2016-05-10
HCRF,2016-05-10
CNSF,2016-05-10
INDF,2016-05-10
MATF,2016-05-10
TCHF,2016-05-10
UTLF,2016-05-10
CNDF,2016-05-10
OVLC,2016-05-10
AGGE,2016-05-10
AGGP,2016-05-10
BMLA,2016-05-09
MILN,2016-05-04
VMIN,2016-05-03
VMAX,2016-05-03
WFIG,2016-04-27
SFIG,2016-04-27
WFHY,2016-04-27
SFHY,2016-04-27
WIZE,2016-04-26
MPCT,2016-04-20
IBUY,2016-04-20
DEMG,2016-04-19
CATH,2016-04-19
BUZ,2016-04-19
OPD,2016-04-19
RFAP,2016-04-14
RFEU,2016-04-14
RFDI,2016-04-14
EMTL,2016-04-13
STOT,2016-04-13
TECZ,2016-04-07
FAZZ,2016-04-07
ERYY,2016-04-07
IQDG,2016-04-07
DVEM,2016-04-07
JUNE,2016-04-05
GHE,2016-04-05
GHS,2016-04-05
JPIH,2016-04-01
JPEH,2016-04-01
JHMS,2016-03-29
JHME,2016-03-29
JHMI,2016-03-29
JHMA,2016-03-29
JHMU,2016-03-29
CEZ,2016-03-23
PSET,2016-03-21
PY,2016-03-21
FVC,2016-03-17
DWIN,2016-03-11
GAMR,2016-03-09
IFLY,2016-03-09
SHE,2016-03-08
GSEU,2016-03-04
GSJY,2016-03-04
VIGI,2016-03-02
VYMI,2016-03-02
JSML,2016-02-25
JSMD,2016-02-25
PUTW,2016-02-24
SOVB,2016-02-23
PGHD,2016-02-23
GCOW,2016-02-22
FUT,2016-02-18
OILX,2016-02-18
FIEE,2016-02-16
GTO,2016-02-10
MLPZ,2016-02-08
MLPQ,2016-02-08
OIIL,2016-02-08
EMDV,2016-01-25
XITK,2016-01-14
DFND,2016-01-14
GARD,2016-01-14
GNRX,2016-01-12
DDWM,2016-01-07
DDLS,2016-01-07
DDEZ,2016-01-07
DDJP,2016-01-07
LEAD,2016-01-06
DEZU,2016-01-05
DEFA,2016-01-05
DEWJ,2016-01-05
LVHD,2015-12-28
DDBI,2015-12-28
EDBI,2015-12-28
UDBI,2015-12-28
IMOM,2015-12-23
DYLS,2015-12-23
DYB,2015-12-23
JPEU,2015-12-18
DJD,2015-12-16
NANR,2015-12-15
PTEU,2015-12-15
PAEU,2015-12-15
ELKU,2015-12-10
EMGF,2015-12-08
SICK,2015-12-03
GASX,2015-12-03
LABS,2015-12-03
SPYX,2015-12-03
LARE,2015-12-03
ONEY,2015-12-02
ONEV,2015-12-02
ONEO,2015-12-02
QMOM,2015-12-02
DEUS,2015-11-24
DEEF,2015-11-24
ASET,2015-11-23
ETHO,2015-11-19
HGSD,2015-11-19
GSD,2015-11-12
PRME,2015-11-12
IAGG,2015-11-10
TLEH,2015-11-09
TLDH,2015-11-09
GSIE,2015-11-09
ALFI,2015-11-09
IDLB,2015-11-05
USLB,2015-11-05
FCVT,2015-11-03
HDRW,2015-10-29
EMSD,2015-10-29
EDOM,2015-10-29
HEUV,2015-10-29
HEUS,2015-10-29
HACV,2015-10-29
HEMV,2015-10-29
HEFV,2015-10-29
ITEQ,2015-10-28
XINA,2015-10-28
BITE,2015-10-28
SPYD,2015-10-21
HAHA,2015-10-20
CNHX,2015-10-20
ASHX,2015-10-20
CNCR,2015-10-13
DWTR,2015-10-09
FXJP,2015-10-09
FXEP,2015-10-09
SPVU,2015-10-09
SPMO,2015-10-09
LBDC,2015-10-08
BDCZ,2015-10-08
UCIB,2015-10-08
MRRL,2015-10-08
AMUB,2015-10-08
MLPB,2015-10-08
BSCP,2015-10-07
BSJN,2015-10-07
XLFS,2015-10-07
XLRE,2015-10-07
QGTA,2015-09-30
HJPX,2015-09-29
JPUS,2015-09-29
MLTI,2015-09-29
JHMH,2015-09-28
JHMT,2015-09-28
JHMF,2015-09-28
JHMC,2015-09-28
JHMM,2015-09-28
JHML,2015-09-28
GEM,2015-09-25
LKOR,2015-09-23
QLC,2015-09-23
UTES,2015-09-23
SPXT,2015-09-22
SPXV,2015-09-22
SPXN,2015-09-22
SPXE,2015-09-22
GSLC,2015-09-17
KSA,2015-09-16
PILS,2015-09-16
PILL,2015-09-16
HAKD,2015-09-16
HAKK,2015-09-16
EUDV,2015-09-10
VAMO,2015-09-09
XCEM,2015-09-02
IBMK,2015-09-01
IBMJ,2015-09-01
OAPH,2015-08-25
OEUH,2015-08-25
CID,2015-08-19
CIL,2015-08-19
DBAU,2015-08-19
JPNH,2015-08-19
DBSP,2015-08-19
DBSE,2015-08-19
DBIT,2015-08-19
DBES,2015-08-19
OASI,2015-08-19
OEUR,2015-08-19
WDRW,2015-08-19
DPST,2015-08-19
CLAW,2015-08-19
NAIL,2015-08-19
VTEB,2015-08-18
CRAK,2015-08-18
EWRE,2015-08-13
HDAW,2015-08-12
HDEE,2015-08-12
HDEZ,2015-08-12
HDEF,2015-08-12
NFLT,2015-08-10
HHYX,2015-07-28
EMBH,2015-07-22
CLYH,2015-07-22
HFXJ,2015-07-22
HFXE,2015-07-22
HFXI,2015-07-22
WEXP,2015-07-21
WUSA,2015-07-21
BIGD,2015-07-16
IPAY,2015-07-16
BDAT,2015-07-16
OUSA,2015-07-14
MLPV,2015-07-14
MOTI,2015-07-13
ALTY,2015-07-13
AGGY,2015-07-09
HDWM,2015-07-09
YLD,2015-07-08
CSA,2015-07-08
CSB,2015-07-08
CDL,2015-07-08
KLEM,2015-07-08
KLDW,2015-07-08
PUTX,2015-07-07
CIBR,2015-07-06
TPYP,2015-06-30
SLOW,2015-06-30
SLDR,2015-06-30
HSCZ,2015-06-29
HAWX,2015-06-29
HACW,2015-06-29
HEWU,2015-06-29
HEWL,2015-06-29
HEWP,2015-06-29
HEWY,2015-06-29
HEWW,2015-06-29
HEWI,2015-06-29
HEWC,2015-06-29
HAUD,2015-06-29
HTUS,2015-06-24
JPN,2015-06-24
HGJP,2015-06-23
HGEU,2015-06-23
SOP,2015-06-22
UOP,2015-06-22
HBZ,2015-06-22
HBU,2015-06-22
ZBIO,2015-06-22
UBIO,2015-06-22
CHAD,2015-06-17
IVLU,2015-06-16
ISZE,2015-06-16
PTLC,2015-06-12
PTMC,2015-06-12
PTNQ,2015-06-12
UBND,2015-06-11
HEGE,2015-06-10
HEGJ,2015-06-10
TUTI,2015-06-09
HFEZ,2015-06-09
SPUN,2015-06-09
HDLS,2015-06-04
DXUS,2015-06-04
ICVT,2015-06-02
FCFI,2015-06-01
HHFR,2015-06-01
DRVN,2015-06-01
HHDG,2015-06-01
GUSH,2015-05-28
DRIP,2015-05-28
LABD,2015-05-28
LABU,2015-05-28
JDG,2015-05-28
CAPX,2015-05-28
YLCO,2015-05-27
VXDN,2015-05-19
VXUP,2015-05-19
SCIJ,2015-05-12
SCIX,2015-05-12
SCID,2015-05-12
SCIU,2015-05-12
DHVW,2015-05-12
FXEU,2015-05-07
LRET,2015-05-05
JETS,2015-04-30
UK,2015-04-29
ACWF,2015-04-28
ISCF,2015-04-28
INTF,2015-04-28
SMLF,2015-04-28
LRGF,2015-04-28
ACTX,2015-04-28
PAK,2015-04-22
SMCP,2015-04-21
CHAU,2015-04-16
QUS,2015-04-15
XRLV,2015-04-09
FFTY,2015-04-09
JHDG,2015-04-09
DBRE,2015-04-08
DBIF,2015-04-08
SGDJ,2015-03-31
QLS,2015-03-24
QED,2015-03-24
ROGS,2015-03-24
XT,2015-03-19
SDEM,2015-03-17
SRET,2015-03-16
AFTY,2015-03-12
IBDQ,2015-03-11
IBDP,2015-03-11
IBDO,2015-03-11
VLLV,2015-03-11
VLML,2015-03-11
VLSM,2015-03-11
IBDN,2015-03-10
IBDM,2015-03-10
IBDK,2015-03-10
IBDJ,2015-03-10
HOML,2015-03-10
HOMX,2015-03-10
EUSC,2015-03-04
MEAR,2015-03-03
EMIH,2015-03-03
IGIH,2015-03-03
HYIH,2015-03-03
QVM,2015-02-27
ROUS,2015-02-26
RODM,2015-02-26
ROAM,2015-02-26
TUTT,2015-02-25
INC,2015-02-24
TOTL,2015-02-23
TONS,2015-02-20
RISE,2015-02-19
FLRT,2015-02-18
GDXX,2015-02-12
GDXS,2015-02-12
GDJS,2015-02-12
GDJJ,2015-02-12
KEMP,2015-02-12
GHII,2015-02-11
SPYB,2015-02-04
REGL,2015-02-03
SMDV,2015-02-03
SMHD,2015-02-03
RGRO,2015-02-02
FREL,2015-02-02
SBEU,2015-01-27
SBUS,2015-01-27
ZLRG,2015-01-20
ZSML,2015-01-20
DIVA,2015-01-15
IMTM,2015-01-15
IQLT,2015-01-13
HIPS,2015-01-07
LLEM,2015-01-07
LLDM,2015-01-07
LLSC,2015-01-07
LLSP,2015-01-07
JPEM,2015-01-07
SBIO,2014-12-31
EQAL,2014-12-23
DIVY,2014-12-18
IVAL,2014-12-17
BBC,2014-12-16
BBP,2014-12-16
VALX,2014-12-11
XSOE,2014-12-10
CRBN,2014-12-10
DBEZ,2014-12-10
GAA,2014-12-09
MLPO,2014-12-03
VQTS,2014-12-02
KCNY,2014-12-02
LOWC,2014-11-25
CHNB,2014-11-18
SKOR,2014-11-12
EMQQ,2014-11-12
HACK,2014-11-12
CBON,2014-11-10
PDBC,2014-11-07
JPIN,2014-11-05
GMOM,2014-11-04
LMBS,2014-11-04
FEMB,2014-11-04
FPXI,2014-11-04
ARKK,2014-10-31
ARKG,2014-10-31
STXX,2014-10-30
DAX,2014-10-23
QVAL,2014-10-22
SCTO,2014-10-22
EFFE,2014-10-22
FEUZ,2014-10-21
VBND,2014-10-16
FCOR,2014-10-09
FLTB,2014-10-09
FBND,2014-10-09
ALTS,2014-10-08
IPOS,2014-10-06
AMZA,2014-10-01
FUTS,2014-10-01
HDLV,NA
ARKQ,NA
ARKW,2014-09-30
EMRE,2014-09-29
HEEM,2014-09-23
DVP,2014-09-23
BSCN,2014-09-17
BSCO,2014-09-17
BSJL,2014-09-17
BSJM,2014-09-17
QMEX,2014-09-17
QKOR,2014-09-17
QTWN,2014-09-17
DIVC,2014-09-16
ETSX,2014-09-16
TOFR,2014-09-15
LDRI,2014-09-10
RORO,2014-09-09
FTLS,2014-09-08
MBSD,2014-09-03
WBIH,2014-08-27
WBII,2014-08-27
WBIL,2014-08-27
WBIG,2014-08-27
WBIF,2014-08-27
WBIE,2014-08-27
WBID,2014-08-27
WBIC,2014-08-27
WBIB,2014-08-27
WBIA,2014-08-27
EFAD,2014-08-21
FDIV,2014-08-13
IBMI,2014-08-12
FTSM,2014-08-06
WYDE,2014-08-05
TYTE,2014-08-05
IBLN,2014-08-01
YGRO,2014-07-29
MDLL,2014-07-29
SMLL,2014-07-29
SYTL,2014-07-29
DIVI,2014-07-29
CNXT,2014-07-23
IFV,2014-07-22
TAPR,2014-07-15
CFGE,2014-07-15
SGDM,2014-07-15
WIL,2014-07-10
HEZU,2014-07-08
REET,2014-07-08
CFA,2014-07-01
CFO,2014-07-01
CDC,2014-07-01
CSF,2014-07-01
LMLP,2014-06-24
JPGE,2014-06-16
QGBR,2014-06-11
FLGE,2014-06-11
FBGX,2014-06-11
QESP,2014-06-11
QJPN,2014-06-11
QDEU,2014-06-11
QCAN,2014-06-11
QAUS,2014-06-11
IUSB,2014-06-10
DGRO,2014-06-10
IPAC,2014-06-10
IEUR,2014-06-10
FMLP,2014-06-10
QWLD,2014-06-04
QEMM,2014-06-04
QEFA,2014-06-04
SMEZ,2014-06-04
JPMV,2014-06-03
EUMV,2014-06-03
AXJV,2014-06-03
LALT,2014-05-29
LQDH,2014-05-29
HYGH,2014-05-29
IBDH,2014-05-29
IBDF,2014-05-29
SPUU,2014-05-28
ASHS,2014-05-21
OUNZ,2014-05-16
EUDG,2014-05-07
IHDG,2014-05-07
VRP,2014-05-01
SUBD,2014-05-01
CN,2014-04-30
QAT,2014-04-29
UAE,2014-04-29
OSMS,2014-04-24
BYLD,2014-04-24
BCHP,2014-04-23
GLDS,2014-04-10
GLDL,2014-04-10
DXJC,2014-04-08
DXJH,2014-04-08
DXJT,2014-04-08
DXJF,2014-04-08
DXJR,2014-04-08
EDOG,2014-03-28
SPLX,2014-03-26
TOLZ,2014-03-25
IJNK,2014-03-12
GVAL,2014-03-12
GURX,2014-03-10
GURI,2014-03-10
QINC,2014-03-10
AIRR,2014-03-10
FV,2014-03-06
KBA,2014-03-05
HKOR,2014-03-04
YPRO,2014-03-04
IEIS,2014-02-27
IEIL,2014-02-27
SIPE,2014-02-27
IPKW,2014-02-27
EQLT,2014-02-25
GLDE,2014-02-11
GYEN,2014-02-11
GGBP,2014-02-11
GEUR,2014-02-11
USFR,2014-02-04
MUAH,2014-02-04
TFLO,2014-02-03
HEWJ,2014-01-31
HEWG,2014-01-31
HEFA,2014-01-31
DBMX,2014-01-23
DBKO,2014-01-23
DBAW,2014-01-23
ZMLP,2014-01-23
VUSE,2014-01-22
QDEM,2014-01-21
QDXU,2014-01-21
QEM,2014-01-21
QXUS,2014-01-21
EURZ,2014-01-15
EURL,2014-01-15
NYCC,2014-01-15
HOLD,2014-01-15
SHYD,2014-01-13
SYV,2014-01-08
SYE,2014-01-08
SYG,2014-01-08
SEMF,2014-01-08
IEMF,2014-01-08
LEMF,2014-01-08
FTHI,2014-01-07
FTLB,2014-01-07
RDVY,2014-01-07
COMT,NA
IBDL,NA
LDUR,NA
FMB,NA
DI,NA
JGBB,2013-12-18
HYND,2013-12-18
HYZD,2013-12-18
AGND,2013-12-18
AGZD,2013-12-18
USDU,2013-12-18
QYLD,2013-12-12
ICSH,2013-12-11
CEFL,2013-12-10
EMAG,2013-12-10
EMBB,2013-12-05
FYLD,2013-12-03
DWAT,2013-11-19
HFIN,2013-11-18
PGAL,2013-11-12
DXKW,2013-11-07
EMFM,2013-11-07
ASHR,2013-11-06
FTSD,2013-11-04
VIDI,2013-10-29
FUTY,2013-10-24
FCOM,2013-10-24
FMAT,2013-10-24
FTEC,2013-10-24
FIDU,2013-10-24
FHLC,2013-10-24
FNCL,2013-10-24
FENY,2013-10-24
FSTA,2013-10-24
FDIS,2013-10-24
FIBG,2013-10-17
IPO,2013-10-16
ULST,2013-10-09
NOBL,2013-10-09
CHNA,2013-10-09
RIGS,2013-10-09
FIEG,2013-10-08
NFRA,2013-10-08
JNUG,2012-10-03
JDST,2013-10-03
RDIV,2013-10-01
DBUK,2013-10-01
DBEU,2013-10-01
DBAP,2013-10-01
EMCG,2013-09-26
MLPC,2013-09-26
BSJK,2013-09-23
BSJJ,2013-09-23
DVHI,2013-09-19
FIEU,2013-09-06
YDIV,2013-08-28
EMHD,2013-08-15
FNDB,2013-08-15
FNDX,2013-08-15
FNDA,2013-08-15
FNDF,2013-08-15
FNDC,2013-08-15
FNDE,2013-08-15
CMDT,2013-08-08
FMF,2013-08-02
DGRE,2013-08-01
NASH,2013-08-01
ERW,2013-07-31
DGRS,2013-07-25
KFYP,2013-07-23
HDGI,2013-07-18
BSCL,2013-07-17
BSCM,2013-07-17
QUAL,2013-07-16
IBDA,2013-07-09
IBDB,2013-07-09
IBDC,2013-07-09
IBDD,2013-07-09
TWOK,2013-07-08
EMDG,2013-07-01
DXPS,2013-07-01
DXJS,2013-07-01
ISRA,2013-06-26
JPNS,2013-06-26
JPNL,2013-06-26
HSPX,2013-06-24
SPXH,2013-06-21
TRSK,2013-06-21
YYY,2013-06-21
PGHY,2013-06-20
ICOL,2013-06-18
CSCB,2013-06-12
CSCR,2013-06-12
VWOB,2013-06-04
BNDX,2013-06-04
BFOR,2013-06-04
UTLT,2013-06-04
RVNU,2013-06-04
DBGR,2013-05-31
WDIV,2013-05-30
TIPX,2013-05-30
FEEU,2013-05-23
FGHY,2013-05-22
DGRW,2013-05-22
SYLD,2013-05-14
PFEM,2013-05-09
KORZ,2013-05-01
BRZS,2013-05-01
FTSL,2013-05-01
IBCB,2013-04-19
IBCC,2013-04-19
IBCD,2013-04-19
IBCE,2013-04-19
IESM,2013-04-16
IELG,2013-04-16
VLUE,2013-04-16
SIZE,2013-04-16
MTUM,2013-04-16
SLVO,2013-04-16
IQDY,2013-04-16
IQDE,2013-04-16
IQDF,2013-04-16
KORU,2013-04-10
BRZU,2013-04-10
SRLN,2013-04-04
AZIA,2013-04-02
NGE,2013-04-02
THHY,2013-03-21
MINC,2013-03-20
IBMG,2013-03-19
ATMP,2013-03-12
DIV,2013-03-12
HVPW,2013-02-27
HYLS,2013-02-25
LGLV,2013-02-20
SMLV,2013-02-20
XMLV,2013-02-15
XSLV,2013-02-15
FXSG,2013-02-13
FORX,2013-02-12
FPE,2013-02-12
YMLI,2013-02-12
BIZD,2013-02-11
GLCB,2013-01-31
FLAG,2013-01-31
GLDI,2013-01-29
MLPJ,2013-01-14
IMLP,2013-01-04
DBIZ,2012-12-19
QDF,2012-12-19
QDEF,2012-12-19
QDYN,2012-12-19
PHDG,2012-12-06
GEMS,2012-11-29
RGRC,2012-11-29
SILJ,2012-11-29
RGRC,2012-11-15
RGRA,2012-11-15
RGRE,2012-11-15
RGRP,2012-11-15
RGRI,2012-11-15
SNLN,2012-11-07
IXUS,2012-10-23
IEMG,2012-10-23
IEFA,2012-10-23
ISTB,2012-10-23
SPHD,2012-10-18
MORL,2012-10-17
EMCR,2012-10-16
VTIP,2012-10-16
CAPE,2012-10-12
RAVI,2012-10-11
QMN,2012-10-04
TLTD,2012-09-28
TLTE,2012-09-28
CHXF,2012-09-19
VEGA,2012-09-17
FM,2012-09-12
JUNR,2012-09-06
ALTL,2012-09-06
VIXH,2012-08-31
MDIV,2012-08-14
TDIV,2012-08-14
EMDD,2012-08-15
BBRC,2012-08-15
QEH,2012-08-08
HUSE,2012-07-23
GDAY,2012-07-19
CROC,2012-07-19
DWAS,2012-07-19
AMU,2012-07-17
SPFF,2012-07-17
PFXF,2012-07-17
FINZ,2012-07-12
FINU,2012-07-12
RRGR,2012-07-10
EUFX,2012-06-26
SDOG,2012-06-29
EUFX,2012-06-26
EMLP,2012-06-21
HECO,2012-06-20
USMI,2012-06-19
EMCD,2012-06-18
XOVR,2012-06-18
SNDS,2012-06-12
FBG,2012-06-11
BNPC,2012-06-04
GURU,2012-06-04
ALFA,2012-05-31
GIVE,2012-05-24
SDYL,2012-05-23
DVYL,2012-05-23
COBO,2012-05-23
HYEM,2012-05-09
GYLD,2012-05-08
ILB,2012-05-01
BLND,2012-04-26
GAL,2012-04-26
INKM,2012-04-26
RLY,2012-04-26
QLTC,2012-04-26
QLTB,2012-04-26
MOAT,2012-04-25
BSJI,2012-04-25
BSJH,2012-04-25
BSJG,2012-04-25
MLPA,2012-04-19
TCHI,2012-04-19
CEMB,2012-04-19
USAG,2012-04-13
ANGL,2012-04-11
IYLD,2012-04-05
GHYG,2012-04-05
HYXU,2012-04-03
EMHY,2012-04-03
IHY,2012-04-03
TTT,2012-03-27
BSCK,2012-03-28
BSCJ,2012-03-28
BSCI,2012-03-28
TAGS,2012-03-28
QQQE,2012-03-21
RWXL,2012-03-20
IDXJ,2012-03-21
SJNK,2012-03-15
DIVS,2012-03-15
HDIV,2012-03-15
YMLP,2012-03-13
EMCB,2012-03-08
TRXT,2012-03-01
EMFT,2012-02-28
ACIM,2012-02-28
IDHB,2012-02-24
EEHB,2012-02-24
IDMO,2012-02-24
DVYA,2012-02-23
DVYE,2012-02-23
FDTS,2012-02-16
FEMS,2012-02-16
GNMA,2012-02-16
AMPS,2012-02-16
ENGN,2012-02-16
MONY,2012-02-16
CMBS,2012-02-16
QLTA,2012-02-16
GOVT,2012-02-16
FRAK,2012-02-15
FKU,2012-02-15
FTW,2012-02-15
FSZ,2012-02-15
FHK,2012-02-15
FGM,2012-02-15
FCAN,2012-02-15
FAUS,2012-02-15
SINF,2012-02-08
UINF,2012-02-08
SMIN,2012-02-08
DOIL,2012-02-08
UOIL,2012-02-08
UWTI,2012-02-08
DWTI,2012-02-08
DGAZ,2012-02-08
EEMA,2012-02-08
UGAZ,2012-02-08
SCPR,2012-02-08
LCPR,2012-02-08
PERM,2012-02-07
AXJS,2012-02-02
INDA,2012-02-02
SLVP,2012-01-31
RING,2012-01-31
PICK,2012-01-31
FILL,2012-01-31
VEGI,2012-01-31
GGOV,2012-01-26
EWGS,2012-01-26
EWCS,2012-01-26
EWAS,2012-01-26
EWUS,2012-01-26
EFNL,2012-01-26
EDEN,2012-01-25
ACCU,2012-01-26
ENOR,2012-01-24
EEML,2012-01-18
EEME,2012-01-18
IDLV,2012-01-13
EELV,2012-01-13
GMFS,2012-01-12
URTH,2012-01-12
EWSS,2012-01-12
EWHS,2012-01-12
FINF,2012-01-12
RINF,2012-01-12
SSAM,2012-01-11
VLAT,2012-01-11
VSPR,2012-01-11
VSPY,2012-01-11
TNDQ,2011-12-13
INSD,2011-12-08
KNOW,2011-12-08
GREK,2011-12-08
QQQV,2011-12-06
QQQM,2011-12-06
DEFL,2011-12-05
INFL,2011-12-05
FLRN,2011-12-01
OFF,2011-11-30
ONN,2011-11-30
IPFF,2011-11-16
CPER,2011-11-15
SOCL,2011-11-15
JGBD,2011-11-10
JGBS,2011-11-10
BUND,2011-11-10
CAD,2011-11-10
XLBT,2011-11-02
XLVO,2011-11-02
XHMO,2011-11-02
AUD,2011-11-01
KBWR,2011-11-01
KBWI,2011-11-01
KBWC,2011-11-01
KBWB,2011-11-01
AUNZ,2011-10-25
DRGS,2011-10-24
LEMB,2011-10-21
ACWV,2011-10-20
EEMV,2011-10-20
EFAV,2011-10-20
USMV,2011-10-20
SCHD,2011-10-18
UGLD,2011-10-17
DGLD,2011-10-17
USLV,2011-10-17
DSLV,2011-10-17
LPLT,2011-10-17
IPLT,2011-10-17
LPAL,2011-10-17
IPAL,2011-10-17
CHLC,2011-10-12
KOLD,2011-10-06
BOIL,2011-10-06
SCTR,2011-10-03
SCLP,2011-10-03
SCOG,2011-10-03
SGGG,2011-10-03
LSKY,2011-10-05
TTFS,2011-10-05
FXCH,2011-10-04
SVXY,2011-10-04
UVXY,2011-10-04
XAR,2011-09-29
XHS,2011-09-29
XSW,2011-09-29
TDTT,2011-09-23
GUNR,2011-09-23
TILT,2011-09-23
DSUM,2011-09-23
RMB,2011-09-22
CSMN,2011-09-21
IVOP,2011-09-19
WEAT,2011-09-19
CANE,2011-09-19
SOYB,2011-09-19
TWTI,2011-09-15
PFIG,2011-09-15
SSDL,2011-09-14
SSDD,2011-09-14
BTAH,2011-09-13
BTAL,2011-09-13
CHEP,2011-09-13
VXAA,2011-09-08
VXBB,2011-09-08
VXCC,2011-09-08
VXDD,2011-09-08
VXEE,2011-09-08
VXFF,2011-09-08
AAVX,2011-09-08
BBVX,2011-09-08
CCVX,2011-09-08
DDVX,2011-09-08
EEVX,2011-09-08
FFVX,2011-09-08
NOMO,2011-09-07
SIZ,2011-09-07
QLT,2011-09-07
MOM,2011-09-07
TZW,2011-08-18
TZY,2011-08-18
EEMS,2011-08-18
XVZ,2011-08-17
MORT,2011-08-17
INCO,2011-08-10
HILO,2011-08-04
EWSM,2011-08-04
EWMD,2011-08-04
EIPO,2011-07-21
EIPL,2011-07-21
RRF,2011-07-14
EMER,2011-07-13
NKY,2011-07-13
XMPT,2011-07-13
HDG,2011-07-13
DFVL,2011-07-12
DFVS,2011-07-12
SKYY,2011-07-06
BARL,2011-06-29
UGEM,2011-06-23
TGEM,2011-06-23
QGEM,2011-06-23
IGEM,2011-06-23
HGEM,2011-06-23
VGEM,2011-06-23
GGEM,2011-06-23
LGEM,2011-06-23
MATH,2011-06-23
FWDB,2011-06-21
FWDI,2011-06-21
FWDD,2011-06-21
FLOT,2011-06-17
HYS,2011-06-17
GASZ,2011-06-16
OILZ,2011-06-16
PXSG,2011-06-16
PXSC,2011-06-16
PXSV,2011-06-16
PXMG,2011-06-16
PXMC,2011-06-16
PXMV,2011-06-16
PXLG,2011-06-16
PXLC,2011-06-16
PXLV,2011-06-16
TOTS,2011-06-15
CURE,2011-06-15
SICK,2011-06-15
MATL,2011-06-15
MATS,2011-06-15
ROOF,2011-06-14
DBEM,2011-06-09
DBEF,2011-06-09
DBCN,2011-06-09
DBBR,2011-06-09
DBJP,2011-06-09
SDIV,2011-06-09
ABCS,2011-06-08
BARN,2011-06-02
RSUN,2011-06-02
GIY,2011-06-01
GSY,2011-06-01
SHBT,2011-05-27
SHMO,2011-05-27
SHVY,2011-05-27
SLBT,2011-05-27
SLVY,2011-05-27
CVRT,2011-05-26
HBTA,2011-05-26
HVOL,2011-05-26
LBTA,2011-05-26
LVOL,2011-05-26
SOIL,2011-05-26
BDCL,2011-05-25
COWL,2011-05-25
COWS,2011-05-25
HMTM,2011-05-25
RUSL,2011-05-25
RUSS,2011-05-25
UDNT,2011-05-24
UUPT,2011-05-24
CNPF,2011-05-20
GTIP,2011-05-20
ITIP,2011-05-20
AGRG,2011-05-19
CNTR,2011-05-19
CONG,2011-05-19
EQIN,2011-05-19
GRPC,2011-05-19
LWPE,2011-05-19
VROM,2011-05-19
HKK,2011-05-18
BONO,2011-05-12
FMK,2011-05-12
CARZ,2011-05-10
IOIL,2011-05-05
MEXS,2011-05-05
SPHB,2011-05-05
SPLV,2011-05-05
FISN,2011-05-04
EATX,2011-05-03
BDCS,2011-04-27
FLTR,2011-04-26
BCM,2011-04-21
BLNG,2011-04-21
CAFE,2011-04-21
CHOC,2011-04-21
CTNN,2011-04-21
CUPM,2011-04-21
DCNG,2011-04-21
DIRT,2011-04-21
FOIL,2011-04-21
GRWN,2011-04-21
HEVY,2011-04-21
LEDD,2011-04-20
LSTK,2011-04-20
NINI,2011-04-20
OLEM,2011-04-20
ONG,2011-04-20
SBV,2011-04-20
SGAR,2011-04-20
WEET,2011-04-20
FBZ,2011-04-19
FCA,2011-04-19
FDT,2011-04-19
FEM,2011-04-19
FEP,2011-04-19
FJP,2011-04-19
FKO,2011-04-19
FLN,2011-04-19
FNK,2011-04-19
FNY,2011-04-19
FYC,2011-04-19
FYT,2011-04-19
FPA,2011-04-18
HYMB,2011-04-14
IGU,2011-04-14
RSXJ,2011-04-14
UJB,2011-04-14
WSTE,2011-04-13
CBND,2011-04-07
GERJ,2011-04-05
TBX,2011-04-05
TBZ,2011-04-05
FBM,2011-03-30
FCD,2011-03-30
FCL,2011-03-30
FCQ,2011-03-30
FEG,2011-03-30
FFL,2011-03-30
FHC,2011-03-30
FIL,2011-03-30
FLG,2011-03-30
FMM,2011-03-30
FMU,2011-03-30
FOS,2011-03-30
FRL,2011-03-30
FTQ,2011-03-30
FUI,2011-03-30
HDV,2011-03-29
IGS,2011-03-29
MCHI,2011-03-29
BUNL,2011-03-23
BUNT,2011-03-23
ITLT,2011-03-23
ITLY,2011-03-23
JGBL,2011-03-23
JGBT,2011-03-23
SAGG,2011-03-23
TYBS,2011-03-23
TYNS,2011-03-23
CROP,2011-03-22
SJB,2011-03-22
ALD,2011-03-17
TSXV,2011-03-17
JUNR,2011-03-16
MLPY,2011-03-16
COLX,2011-03-15
GGGG,2011-03-15
XOIL,2011-03-15
CSMB,2011-03-08
ARGT,2011-03-03
BKLN,2011-03-03
FOL,2011-02-24
FSA,2011-02-24
FSE,2011-02-24
FSG,2011-02-24
FSU,2011-02-24
CRUD,2011-02-23
EBND,2011-02-23
EDIV,2011-02-23
TBAR,2011-02-22
ASEA,2011-02-17
FONE,2011-02-17
TPS,2011-02-10
AND,2011-02-03
NAGS,2011-02-01
EAPS,2011-01-28
HDGE,2011-01-27
TRNM,2011-01-27
VXUS,2011-01-27
XHE,2011-01-26
XTL,2011-01-26
XTN,2011-01-26
BSJC,2011-01-25
BSJD,2011-01-25
BSJE,2011-01-25
BSJF,2011-01-25
EMGX,2011-01-25
EMVX,2011-01-25
AGOL,2011-01-14
IVO,2011-01-13
SCHH,2011-01-13
SCHM,2011-01-13
EWAC,2011-01-07
WDTI,2011-01-05
ALUM,2011-01-04
VIXM,2011-01-03
VIXY,2011-01-03
RALS,2010-12-09
DUST,2010-12-08
EWEF,2010-12-08
EWEM,2010-12-08
EWRI,2010-12-08
EWRM,2010-12-08
EWRS,2010-12-08
FLYX,2010-12-08
NUGT,2010-12-08
TRND,2010-12-08
WITE,2010-12-03
HYLD,2010-12-02
KBWD,2010-12-02
KBWP,2010-12-02
KBWX,2010-12-02
KBWY,2010-12-02
XVIX,2010-12-01
EMLB,2010-11-29
EMSA,2010-11-29
MFLA,2010-11-29
MFSA,2010-11-29
ROLA,2010-11-29
ROSA,2010-11-29
RTLA,2010-11-29
RTSA,2010-11-29
SFLA,2010-11-29
SFSA,2010-11-29
TVIX,2010-11-29
TVIZ,2010-11-29
VIIX,2010-11-29
VIIZ,2010-11-29
VZZ,2010-11-29
XIV,2010-11-29
ZIV,2010-11-29
CVOL,2010-11-12
ERUS,2010-11-10
NORW,2010-11-10
INXX,2010-11-08
SEA,2010-11-06
URA,2010-11-05
GLDX,2010-11-04
GOEX,2010-11-03
TRSY,2010-11-02
MLPW,2010-11-01
VNQI,2010-11-01
REMX,2010-10-28
GTAA,2010-10-25
GLTR,2010-10-22
IGW,2010-10-15
PEK,2010-10-13
DSTJ,2010-10-04
DSXJ,2010-10-04
CSMA,2010-10-01
ECNS,2010-09-28
EPHE,2010-09-28
EWZS,2010-09-28
MLPS,2010-09-28
CCX,2010-09-24
BABZ,2010-09-20
CORP,2010-09-20
VONE,2010-09-20
VTWG,2010-09-20
VTWO,2010-09-20
VONG,2010-09-16
VONV,2010-09-16
VTHR,2010-09-16
VTWV,2010-09-16
ECON,2010-09-14
GNR,2010-09-13
IVOG,2010-09-07
IVOO,2010-09-07
IVOV,2010-09-07
VIOG,2010-09-07
VIOO,2010-09-07
VIOV,2010-09-07
VOO,2010-09-07
VOOG,2010-09-07
VOOV,2010-09-07
ENZL,2010-09-01
VQT,2010-08-31
AMLP,2010-08-25
SCIF,2010-08-23
USCI,2010-08-10
DLBL,2010-08-09
DLBS,2010-08-09
DTUL,2010-08-09
DTUS,2010-08-09
DTYL,2010-08-09
DTYS,2010-08-09
ELD,2010-08-09
FLAT,2010-08-09
STPP,2010-08-09
SCHO,2010-08-05
SCHP,2010-08-05
SCHR,2010-08-05
BRAF,2010-07-29
LIT,2010-07-23
EMLC,2010-07-22
AADR,2010-07-20
XXV,2010-07-16
FCGL,2010-07-14
FCGS,2010-07-14
GASL,2010-07-14
GASX,2010-07-14
RETL,2010-07-14
RETS,2010-07-14
AXDI,2010-07-13
AXEN,2010-07-13
AXHE,2010-07-13
AXID,2010-07-13
AXIT,2010-07-13
AXMT,2010-07-13
AXSL,2010-07-13
AXTE,2010-07-13
AXUT,2010-07-13
MLPG,2010-07-13
AGLS,2010-07-09
BRAQ,2010-07-08
GRV,2010-07-08
SCIN,2010-07-07
MLPL,2010-07-06
LBND,2010-06-28
SBND,2010-06-28
BRAZ,2010-06-21
JJAC,2010-06-08
CORN,2010-06-08
BSCB,2010-06-07
BSCC,2010-06-07
BSCD,2010-06-07
BSCE,2010-06-07
BSCF,2010-06-07
BSCG,2010-06-07
BSCH,2010-06-07
PICB,2010-06-03
BNO,2010-06-02
ETFY,2010-05-26
EPOL,2010-05-25
IBND,2010-05-19
NASI,2010-05-19
TWON,2010-05-19
BABS,2010-05-12
ONEF,2010-05-11
EIDO,2010-05-05
EIRL,2010-05-05
EUSA,2010-05-05
UBR,2010-04-27
UMX,2010-04-27
UPV,2010-04-27
UXJ,2010-04-27
KRS,2010-04-20
KRU,2010-04-20
COPX,2010-04-19
SIL,2010-04-19
SKOR,2010-04-14
MLPN,2010-04-13
BICK,2010-04-12
JCO,2010-04-07
PSCC,2010-04-07
PSCD,2010-04-07
PSCE,2010-04-07
PSCF,2010-04-07
PSCH,2010-04-07
PSCI,2010-04-07
PSCM,2010-04-07
PSCT,2010-04-07
PSCU,2010-04-07
XLBS,2010-04-07
XLES,2010-04-07
XLFS,2010-04-07
XLIS,2010-04-07
XLKS,2010-04-07
XLPS,2010-04-07
XLUS,2010-04-07
XLVS,2010-04-07
XLYS,2010-04-07
BIB,2010-04-06
BIS,2010-04-06
LATM,2010-04-06
GSO,2010-04-04
GSW,2010-04-04
GSZ,2010-04-04
MLPI,2010-03-31
CNDA,2010-03-23
KROO,2010-03-23
REK,2010-03-16
SBM,2010-03-16
YXI,2010-03-16
STIP,2010-03-12
BRIL,2010-03-11
BRIS,2010-03-11
CU,2010-03-11
INDL,2010-03-11
INDZ,2010-03-11
PLTM,2010-03-11
SOXL,2010-03-11
SOXS,2010-03-11
RBL,2010-03-10
WFVK,2010-03-09
WREI,2010-03-09
WXSP,2010-03-09
TWOL,2010-02-25
TWOZ,2010-02-25
BRXX,2010-02-24
CSLS,2010-02-19
PCEF,2010-02-19
CHXX,2010-02-17
EGPT,2010-02-16
GSD,2010-02-11
SDOW,2010-02-09
SMDD,2010-02-09
SQQQ,2010-02-09
SRTY,2010-02-09
TQQQ,2010-02-09
UDOW,2010-02-09
UMDD,2010-02-09
URTY,2010-02-09
SMMU,2010-02-01
GMMB,2010-01-29
GMTB,2010-01-29
SPGH,2010-01-27
AXFN,2010-01-20
EMFN,2010-01-20
EMMT,2010-01-20
EUFN,2010-01-20
FEFN,2010-01-20
WCAT,2010-01-20
UBT,2010-01-19
UST,2010-01-19
SCHC,2010-01-14
SCHE,2010-01-14
CHIM,2010-01-12
PALL,2010-01-08
PPLT,2010-01-08
MUAA,2010-01-07
MUAB,2010-01-07
MUAC,2010-01-07
MUAD,2010-01-07
MUAE,2010-01-07
MUAF,2010-01-07
HEDJ,2009-12-31
SCPB,2009-12-16
CHIE,2009-12-15
FKL,2009-12-14
FZB,2009-12-14
SCHG,2009-12-11
SCHV,2009-12-11
CHIX,2009-12-10
GSR,2009-12-08
CHIB,2009-12-08
CLY,2009-12-08
CQQQ,2009-12-08
FCV,2009-12-08
FMV,2009-12-08
FOC,2009-12-08
GLJ,2009-12-08
ILTB,2009-12-08
QQQC,2009-12-08
CZI,2009-12-03
CZM,2009-12-03
LBJ,2009-12-03
LHB,2009-12-03
YANG,2009-12-03
YINN,2009-12-03
CHII,2009-11-30
CHIQ,2009-11-30
MUNI,2009-11-30
PLND,2009-11-24
VGLT,2009-11-24
VCIT,2009-11-23
VCLT,2009-11-23
VCSH,2009-11-23
VGIT,2009-11-23
VGSH,2009-11-23
VMBS,2009-11-23
INDY,2009-11-18
UNL,2009-11-18
BAB,2009-11-17
BXDB,2009-11-17
BXDC,2009-11-17
BXDD,2009-11-17
BXUB,2009-11-17
BXUC,2009-11-17
MNA,2009-11-17
GRID,2009-11-16
MINT,2009-11-16
GDXJ,2009-11-10
TXF,2009-11-04
SCHA,2009-11-03
SCHB,2009-11-03
SCHF,2009-11-03
SCHX,2009-11-03
FIVZ,2009-10-30
ZROZ,2009-10-30
OOK,2009-10-29
DJCI,2009-10-28
CPI,2009-10-27
CRBA,2009-10-27
CRBI,2009-10-27
GRES,2009-10-27
YAO,2009-10-19
ALT,2009-10-06
RPX,2009-10-02
RWG,2009-10-02
RFF,2009-09-30
RPQ,2009-09-30
ESR,2009-09-30
DNO,2009-09-24
VRD,2009-09-23
IWL,2009-09-22
IWX,2009-09-22
IWY,2009-09-22
CRBQ,2009-09-21
DENT,2009-09-16
EFN,2009-09-16
FGEM,2009-09-16
PSK,2009-09-16
TENZ,2009-09-10
SGOL,2009-09-09
LTPZ,2009-09-03
TIPZ,2009-09-03
STPZ,2009-08-20
GXF,2009-08-19
TBF,2009-08-18
VNM,2009-08-11
SIVR,2009-07-24
AGEM,2009-07-21
EEG,2009-07-21
DRN,2009-07-16
DRV,2009-07-16
CSM,2009-07-13
EQL,2009-07-06
TWQ,2009-06-30
UWC,2009-06-30
DMM,2009-06-29
UMM,2009-06-29
QABA,2009-06-29
JVS,2009-06-26
SPXU,2009-06-23
UPRO,2009-06-23
EPU,2009-06-19
BZQ,2009-06-16
EMIF,2009-06-16
EPV,2009-06-16
JPX,2009-06-16
SMK,2009-06-16
MCRO,2009-06-09
EFO,2009-06-04
XPP,2009-06-04
EET,2009-06-02
EZJ,2009-06-02
TUZ,2009-06-01
EEO,2009-05-22
EMT,2009-05-21
OGEM,2009-05-21
BRF,2009-05-12
CEW,2009-05-06
GVT,2009-05-04
KME,2009-04-29
TMF,2009-04-16
TMV,2009-04-16
TYD,2009-04-16
TYO,2009-04-16
CWB,2009-04-14
AMJ,2009-04-02
VSS,2009-04-02
QAI,2009-03-25
LWC,2009-03-10
ITR,2009-02-10
GXG,2009-02-05
HYD,2009-02-04
PRB,2009-02-02
VXX,2009-01-29
VXZ,2009-01-29
EEZ,2009-01-26
FAA,2009-01-26
RWV,2009-01-23
IGOV,2009-01-21
ISHG,2009-01-21
BWZ,2009-01-15
IDX,2009-01-15
MBG,2009-01-15
MIDU,2009-01-08
MIDZ,2009-01-08
MWJ,2009-01-08
MWN,2009-01-08
DPK,2008-12-17
DZK,2008-12-17
EDC,2008-12-17
EDZ,2008-12-17
TECL,2008-12-17
TECS,2008-12-17
TYH,2008-12-17
TYP,2008-12-17
ASO,2008-12-15
ROI,2008-12-04
AGQ,2008-12-01
GLL,2008-12-01
UGL,2008-12-01
ZSL,2008-12-01
CMD,2008-11-24
EUO,2008-11-24
SCO,2008-11-24
UCD,2008-11-24
UCO,2008-11-24
ULE,2008-11-24
YCL,2008-11-24
YCS,2008-11-24
PSR,2008-11-20
RTR,2008-11-20
FXRU,2008-11-10
RWW,2008-11-10
XRU,2008-11-10
ERX,2008-11-06
ERY,2008-11-06
FAS,2008-11-06
FAZ,2008-11-06
AGZ,2008-11-05
BGU,2008-11-05
BGZ,2008-11-05
SPXL,2008-11-05
SPXS,2008-11-05
SUB,2008-11-05
TNA,2008-11-05
TZA,2008-11-05
AOA,2008-11-04
AOK,2008-11-04
AOM,2008-11-04
AOR,2008-11-04
TGR,2008-11-04
TZD,2008-11-04
TZE,2008-11-04
TZG,2008-11-04
TZI,2008-11-04
TZL,2008-11-04
TZO,2008-11-04
TZV,2008-11-04
PXR,2008-10-16
FLM,2008-10-13
PAGG,2008-09-18
PBTQ,2008-09-18
PKOL,2008-09-18
PSAU,2008-09-18
PSTL,2008-09-18
PTRP,2008-09-18
HAP,2008-08-29
AAXJ,2008-08-13
BSC,2008-08-06
BVL,2008-08-06
BVT,2008-08-06
MES,2008-07-22
GULF,2008-07-16
IPD,2008-07-16
IPF,2008-07-16
IPK,2008-07-16
IPN,2008-07-16
IPS,2008-07-16
IPU,2008-07-16
IPW,2008-07-16
IRV,2008-07-16
IRY,2008-07-16
IST,2008-07-16
AFK,2008-07-10
PMNA,2008-07-09
PWND,2008-07-01
AUNZ,2008-06-25
BNZ,2008-06-25
SZR,2008-06-25
BAL,2008-06-24
FCHI,2008-06-24
GRN,2008-06-24
ICLN,2008-06-24
JJP,2008-06-24
JJS,2008-06-24
JJT,2008-06-24
JJU,2008-06-24
JO,2008-06-24
LD,2008-06-24
NIB,2008-06-24
NUCL,2008-06-24
PGM,2008-06-24
SGG,2008-06-24
VT,2008-06-24
WOOD,2008-06-24
DXO,2008-06-16
REC,2008-06-16
RFL,2008-06-16
RFN,2008-06-16
RHM,2008-06-16
RHO,2008-06-16
RTG,2008-06-16
RTW,2008-06-16
BDD,2008-06-16
BDG,2008-06-16
BOM,2008-06-16
BOS,2008-06-16
DTO,2008-06-16
FAN,2008-06-16
OLO,2008-06-16
SZO,2008-06-16
FRN,2008-06-12
PNQI,2008-06-12
PQBW,2008-06-12
REA,2008-06-10
DDG,2008-06-10
LSC,2008-06-10
SEF,2008-06-10
JFT,2008-05-21
JYF,2008-05-21
PAO,2008-05-20
PCA,2008-05-20
PTO,2008-05-20
USY,2008-05-19
BZF,2008-05-14
CYB,2008-05-14
EU,2008-05-14
ICN,2008-05-14
EWX,2008-05-12
PTD,2008-05-08
PTM,2008-05-08
GRI,2008-05-07
MDD,2008-05-07
RWO,2008-05-07
DRR,2008-05-06
URR,2008-05-06
PST,2008-04-29
TBT,2008-04-29
DDP,2008-04-28
DEE,2008-04-28
DPU,2008-04-28
DYY,2008-04-28
KWT,2008-04-21
TAN,2008-04-15
ADZ,2008-04-14
AGA,2008-04-14
AGF,2008-04-14
DAG,2008-04-14
PLK,2008-04-11
PMA,2008-04-11
PQY,2008-04-11
PQZ,2008-04-11
UHN,2008-04-09
PKN,2008-04-03
PNXQ,2008-04-03
PQSC,2008-04-03
GOE,2008-04-02
AYT,2008-04-02
LSO,2008-04-01
PMY,2008-04-01
FUD,2008-04-01
GWO,2008-04-01
UAG,2008-04-01
UBC,2008-04-01
UBG,2008-04-01
UBM,2008-04-01
UBN,2008-04-01
UCI,2008-04-01
USV,2008-04-01
LTL,2008-03-27
TLL,2008-03-27
ACWI,2008-03-26
ACWX,2008-03-26
EIS,2008-03-26
THD,2008-03-26
TUR,2008-03-26
CNY,2008-03-14
INR,2008-03-14
WIP,2008-03-13
PIN,2008-03-05
DGP,2008-02-27
DGZ,2008-02-27
DZZ,2008-02-27
UGA,2008-02-26
EPI,2008-02-22
RWJ,2008-02-22
RWK,2008-02-22
RWL,2008-02-22
SMB,2008-02-22
DWX,2008-02-12
GIY,2008-02-12
GSY,2008-02-12
UBD,2008-02-12
ULQ,2008-02-12
UEM,2008-02-11
FUE,2008-02-05
GRU,2008-02-05
PGD,2008-02-05
JEM,2008-02-01
ICI,2008-01-31
PGX,2008-01-31
HAO,2008-01-30
GCC,2008-01-24
BJK,2008-01-22
KOL,2008-01-10
MLN,2008-01-02
UOY,2008-01-01
PIE,2007-12-28
PIZ,2007-12-28
PBP,2007-12-20
SCJ,2007-12-20
TAO,2007-12-18
EMB,2007-12-17
MGC,2007-12-17
MGK,2007-12-17
MGV,2007-12-17
GCE,2007-12-10
IGF,2007-12-10
SCZ,2007-12-10
TOK,2007-12-10
EDV,2007-12-06
USL,2007-12-06
ITM,2007-12-04
JNK,2007-11-28
FGD,2007-11-21
PHB,2007-11-15
PVI,2007-11-15
AIA,2007-11-13
BKF,2007-11-12
ECH,2007-11-12
IFAS,2007-11-12
IFEU,2007-11-12
IFGL,2007-11-12
IFNA,2007-11-12
IFSM,2007-11-12
CUT,2007-11-09
RMM,2007-11-07
RMS,2007-11-07
RRY,2007-11-07
RRZ,2007-11-07
DOD,2007-11-07
EWV,2007-11-06
FXP,2007-11-06
RSU,2007-11-05
RSW,2007-11-05
DGS,2007-10-30
EEV,2007-10-30
EUM,2007-10-30
IRO,2007-10-24
COW,2007-10-23
EFU,2007-10-23
EFZ,2007-10-23
GAZ,2007-10-23
JJA,2007-10-23
JJC,2007-10-23
JJE,2007-10-23
JJG,2007-10-23
JJM,2007-10-23
JJN,2007-10-23
RJA,2007-10-17
RJI,2007-10-17
RJN,2007-10-17
RJZ,2007-10-17
WMW,2007-10-17
INY,2007-10-11
PCY,2007-10-11
PLW,2007-10-11
PWZ,2007-10-11
PZA,2007-10-11
PZT,2007-10-11
CXA,2007-10-10
SHM,2007-10-10
CMF,2007-10-04
NYF,2007-10-04
BWX,2007-10-02
TDD,2007-10-01
TDH,2007-10-01
TDN,2007-10-01
TDV,2007-10-01
TDX,2007-10-01
PDN,2007-09-27
PXH,2007-09-27
TFI,2007-09-11
MUB,2007-09-07
MOO,2007-08-31
FDD,2007-08-27
FFR,2007-08-27
MZG,2007-08-22
MZN,2007-08-22
MZO,2007-08-22
NLR,2007-08-13
EEH,2007-08-01
GSC,2007-07-31
ROB,2007-07-30
WPS,2007-07-30
BSR,2007-07-20
VEA,2007-07-20
DEM,2007-07-13
CRO,2007-07-11
HGI,2007-07-11
ENY,2007-07-03
EXB,2007-06-27
LVL,2007-06-25
PAF,2007-06-25
PEF,2007-06-25
PJO,2007-06-25
PXF,2007-06-25
BIK,2007-06-19
IDHQ,2007-06-13
PBD,2007-06-13
PFA,2007-06-13
PIO,2007-06-13
IDV,2007-06-11
DRW,2007-06-05
BIL,2007-05-25
IPE,2007-05-25
ITE,2007-05-23
LAG,2007-05-23
TLO,2007-05-23
BWV,2007-05-22
CGW,2007-05-14
DOY,2007-05-08
ERO,2007-05-08
FAB,2007-05-08
FAD,2007-05-08
FCG,2007-05-08
FEX,2007-05-08
FIW,2007-05-08
FNI,2007-05-08
FNX,2007-05-08
FRI,2007-05-08
FTA,2007-05-08
FTC,2007-05-08
FXD,2007-05-08
FXG,2007-05-08
FXH,2007-05-08
FXL,2007-05-08
FXN,2007-05-08
FXO,2007-05-08
FXR,2007-05-08
FXU,2007-05-08
FXZ,2007-05-08
FYX,2007-05-08
GBB,2007-05-08
JYN,2007-05-08
GEX,2007-05-03
USRT,2007-05-01
FIO,2007-05-01
FNIO,2007-05-01
FTY,2007-05-01
REM,2007-05-01
REZ,2007-05-01
RTL,2007-05-01
RSX,2007-04-24
GWL,2007-04-20
GWX,2007-04-20
UNG,2007-04-18
HYG,2007-04-04
BIV,2007-04-03
BLV,2007-04-03
BND,2007-04-03
BSV,2007-04-03
CZA,2007-04-02
OTR,2007-04-02
XGC,2007-04-02
PFF,2007-03-26
GAF,2007-03-19
GMF,2007-03-19
GML,2007-03-19
GMM,2007-03-19
GUR,2007-03-19
GXC,2007-03-19
MBB,2007-03-13
VEU,2007-03-02
EEN,2007-03-01
PDP,2007-03-01
EES,2007-02-23
EPS,2007-02-23
EXT,2007-02-23
EZM,2007-02-23
EZY,2007-02-23
SDK,2007-02-20
SFK,2007-02-20
SJF,2007-02-20
SJH,2007-02-20
SJL,2007-02-20
SKK,2007-02-20
UDN,2007-02-20
UKF,2007-02-20
UKK,2007-02-20
UKW,2007-02-20
UUP,2007-02-20
UVG,2007-02-20
UVT,2007-02-20
UVU,2007-02-20
FXY,2007-02-12
QCLN,2007-02-08
QQXT,2007-02-08
DIG,2007-01-30
DUG,2007-01-30
REW,2007-01-30
ROM,2007-01-30
RXD,2007-01-30
RXL,2007-01-30
SCC,2007-01-30
SDP,2007-01-30
SIJ,2007-01-30
SKF,2007-01-30
SMN,2007-01-30
SRS,2007-01-30
SSG,2007-01-30
SZK,2007-01-30
UCC,2007-01-30
UGE,2007-01-30
UPW,2007-01-30
URE,2007-01-30
USD,2007-01-30
UXI,2007-01-30
UYG,2007-01-30
UYM,2007-01-30
GII,2007-01-25
RWM,2007-01-23
SAA,2007-01-23
SBB,2007-01-23
SDD,2007-01-23
TWM,2007-01-23
UWM,2007-01-23
CWI,2007-01-10
CFT,2007-01-05
CIU,2007-01-05
CSJ,2007-01-05
DBA,2007-01-05
DBB,2007-01-05
DBE,2007-01-05
DBO,2007-01-05
DBP,2007-01-05
DBS,2007-01-05
DGL,2007-01-05
GBF,2007-01-05
GVI,2007-01-05
IEI,2007-01-05
SHV,2007-01-05
TLH,2007-01-05
PKW,2006-12-20
INP,2006-12-19
CSD,2006-12-15
DEF,2006-12-15
OTP,2006-12-15
RWX,2006-12-15
FVI,2006-12-05
PGF,2006-12-01
PJF,2006-12-01
PJG,2006-12-01
PJM,2006-12-01
PXLC,2006-12-01
PXMC,2006-12-01
PXSC,2006-12-01
PYH,2006-12-01
DSI,2006-11-14
VYM,2006-11-10
JPP,2006-11-09
JSC,2006-11-09
RCD,2006-11-01
RGI,2006-11-01
RHS,2006-11-01
RTM,2006-11-01
RYE,2006-11-01
RYF,2006-11-01
RYH,2006-11-01
RYT,2006-11-01
RYU,2006-11-01
PSP,2006-10-24
PUW,2006-10-24
PZD,2006-10-24
DBR,2006-10-13
DBT,2006-10-13
DDI,2006-10-13
DGG,2006-10-13
DPC,2006-10-13
DPN,2006-10-13
DRF,2006-10-13
CCXE,2006-10-13
DBN,2006-10-13
DBU,2006-10-13
DKA,2006-10-13
GNAT,2006-10-13
PEZ,2006-10-12
PFI,2006-10-12
PIQ,2006-10-12
PJB,2006-10-12
PRN,2006-10-12
PSL,2006-10-12
PTF,2006-10-12
PTH,2006-10-12
PTJ,2006-10-12
PXI,2006-10-12
PYZ,2006-10-12
EVX,2006-10-10
SLX,2006-10-10
STH,2006-09-21
CVY,2006-09-21
EEB,2006-09-21
NFO,2006-09-21
WMCR,2006-09-21
XRO,2006-09-21
PRFZ,2006-09-20
DBV,2006-09-18
EXI,2006-09-12
JXI,2006-09-12
KXI,2006-09-12
MXI,2006-09-12
RXI,2006-09-12
VOE,2006-08-17
VOT,2006-08-17
OIL,2006-08-15
DXD,2006-07-11
MZZ,2006-07-11
QID,2006-07-11
SDS,2006-07-11
GSG,2006-07-10
FDV,2006-07-06
FTCS,2006-07-06
FXA,2006-06-21
FXB,2006-06-21
FXC,2006-06-21
FXF,2006-06-21
FXM,2006-06-21
FXS,2006-06-21
DDM,2006-06-19
DOG,2006-06-19
FBT,2006-06-19
FDN,2006-06-19
KRE,2006-06-19
MVV,2006-06-19
MYY,2006-06-19
PSQ,2006-06-19
QLD,2006-06-19
SH,2006-06-19
SSO,2006-06-19
XES,2006-06-19
XME,2006-06-19
XOP,2006-06-19
XPH,2006-06-19
XRT,2006-06-19
DEB,2006-06-16
AUSE,2006-06-16
AXJL,2006-06-16
DES,2006-06-16
DEW,2006-06-16
DFE,2006-06-16
DFJ,2006-06-16
DHS,2006-06-16
DIM,2006-06-16
DLN,2006-06-16
DLS,2006-06-16
DND,2006-06-16
DNH,2006-06-16
DNL,2006-06-16
DOL,2006-06-16
DON,2006-06-16
DOO,2006-06-16
DTD,2006-06-16
DTH,2006-06-16
DTN,2006-06-16
DWM,2006-06-16
DXJ,2006-06-16
DJP,2006-06-06
GSP,2006-06-06
RYJ,2006-05-19
GDX,2006-05-16
IAI,2006-05-01
IAK,2006-05-01
IAT,2006-05-01
IEO,2006-05-01
IEZ,2006-05-01
IHE,2006-05-01
IHF,2006-05-01
IHI,2006-05-01
ITA,2006-05-01
ITB,2006-05-01
SLV,2006-04-21
VIG,2006-04-21
QQEW,2006-04-19
QTEC,2006-04-19
FPX,2006-04-12
USO,2006-04-10
FDL,2006-03-09
RFG,2006-03-01
RFV,2006-03-01
RPG,2006-03-01
RPV,2006-03-01
RZG,2006-03-01
RZV,2006-03-01
PZJ,2006-02-16
DBC,2006-02-03
XBI,2006-01-31
XHB,2006-01-31
XSD,2006-01-31
PRF,2005-12-19
FXE,2005-12-09
PHO,2005-12-06
PIV,2005-12-06
PTE,2005-12-06
SPHQ,2005-12-06
DSC,2005-11-08
ELR,2005-11-08
EMG,2005-11-08
EMM,2005-11-08
EMV,2005-11-08
KBE,2005-11-08
KCE,2005-11-08
KIE,2005-11-08
SDY,2005-11-08
PIC,2005-10-26
PKB,2005-10-26
PMR,2005-10-26
PPA,2005-10-26
PUI,2005-10-26
PXE,2005-10-26
PXJ,2005-10-26
PXN,2005-10-26
FDM,2005-09-27
PFM,2005-09-15
PID,2005-09-15
PZI,2005-08-18
IWC,2005-08-12
MDYG,2005-08-11
MDYV,2005-08-11
SLY,2005-08-11
EFG,2005-08-01
EFV,2005-08-01
PBE,2005-06-23
PBJ,2005-06-23
PBS,2005-06-23
PEJ,2005-06-23
PJP,2005-06-23
PSI,2005-06-23
PSJ,2005-06-23
PXQ,2005-06-23
XLG,2005-05-04
VGK,2005-03-04
VPL,2005-03-04
VWO,2005-03-04
PBW,2005-03-03
PWB,2005-03-03
PWJ,2005-03-03
PWP,2005-03-03
PWT,2005-03-03
PWV,2005-03-03
PWY,2005-03-03
PXMG,2005-03-03
PXMV,2005-03-03
PXSG,2005-03-03
PXSV,2005-03-03
KLD,2005-01-24
IAU,2005-01-21
PEY,2004-12-09
PGJ,2004-12-09
GLD,2004-11-18
FXI,2004-10-05
VDE,2004-09-23
VIS,2004-09-23
VNQ,2004-09-23
VOX,2004-09-23
JKD,2004-06-28
JKE,2004-06-28
JKF,2004-06-28
JKG,2004-06-28
JKH,2004-06-28
JKI,2004-06-28
JKJ,2004-06-28
JKK,2004-06-28
JKL,2004-06-28
NYC,2004-03-30
NY,2004-03-29
VV,2004-01-27
VAW,2004-01-26
VB,2004-01-26
VBK,2004-01-26
VBR,2004-01-26
VCR,2004-01-26
VDC,2004-01-26
VFH,2004-01-26
VGT,2004-01-26
VHT,2004-01-26
VO,2004-01-26
VPU,2004-01-26
VTV,2004-01-26
VUG,2004-01-26
ISI,2004-01-20
ITOT,2004-01-20
TIP,2003-12-04
DVY,2003-11-03
IYT,2003-10-06
ONEQ,2003-09-25
AGG,2003-09-22
FVD,2003-08-19
FVL,2003-06-12
PWC,2003-05-01
PWO,2003-05-01
RSP,2003-04-24
EEM,2003-04-07
EZA,2003-02-03
ADRA,2002-11-13
ADRD,2002-11-13
ADRE,2002-11-13
ADRU,2002-11-13
FEU,2002-10-15
FEZ,2002-10-15
IEF,2002-07-22
LQD,2002-07-22
SHY,2002-07-22
TLT,2002-07-22
VXF,2001-12-27
IXJ,2001-11-13
IXC,2001-11-12
IXG,2001-11-12
IXN,2001-11-12
IXP,2001-11-12
EPP,2001-10-25
ILF,2001-10-25
ITF,2001-10-23
IGE,2001-10-22
SOXX,2001-10-07
EFA,2001-08-14
IWP,2001-07-17
IWR,2001-07-17
IWS,2001-07-17
IGN,2001-07-10
IGV,2001-07-10
VTI,2001-05-24
RWR,2001-04-23
IGM,2001-03-13
IBB,2001-02-05
ICF,2001-01-29
EKH,2001-01-17
IOO,2000-12-05
WMH,2000-10-31
OEF,2000-10-23
TMW,2000-10-04
SWH,2000-09-27
DGT,2000-09-25
DSG,2000-09-25
DSV,2000-09-25
ELG,2000-09-25
ELV,2000-09-25
MTK,2000-09-25
SLYG,2000-09-25
SLYV,2000-09-25
SPYG,2000-09-25
SPYV,2000-09-25
MKH,2000-08-29
EZU,2000-07-25
IEV,2000-07-25
IJJ,2000-07-24
IJK,2000-07-24
IJS,2000-07-24
IJT,2000-07-24
IWN,2000-07-24
IWO,2000-07-24
IWW,2000-07-24
IWZ,2000-07-24
EWZ,2000-07-10
UTH,2000-06-22
EWT,2000-06-20
IDU,2000-06-12
IYC,2000-06-12
IYE,2000-06-12
IYG,2000-06-12
IYH,2000-06-12
IYJ,2000-06-12
IYK,2000-06-12
IYM,2000-06-12
IYR,2000-06-12
IYY,2000-06-12
IJH,2000-05-22
IJR,2000-05-22
IVE,2000-05-22
IVW,2000-05-22
IWD,2000-05-22
IWF,2000-05-22
IWM,2000-05-22
IWV,2000-05-22
IYF,2000-05-22
IYZ,2000-05-22
IVV,2000-05-15
IWB,2000-05-15
IYW,2000-05-15
EWY,2000-05-09
BDH,2000-04-05
IAH,2000-02-24
IIH,2000-02-24
BHH,2000-02-23
TTH,2000-01-31
HHH,1999-09-22
QQQQ,1999-03-10
XLB,1998-12-16
XLE,1998-12-16
XLF,1998-12-16
XLI,1998-12-16
XLK,1998-12-16
XLP,1998-12-16
XLU,1998-12-16
XLV,1998-12-16
XLY,1998-12-16
DIA,1998-01-13
EWA,1996-03-12
EWC,1996-03-12
EWD,1996-03-12
EWG,1996-03-12
EWH,1996-03-12
EWI,1996-03-12
EWJ,1996-03-12
EWK,1996-03-12
EWL,1996-03-12
EWM,1996-03-12
EWN,1996-03-12
EWO,1996-03-12
EWP,1996-03-12
EWQ,1996-03-12
EWS,1996-03-12
EWU,1996-03-12
EWW,1996-03-12
MDY,1995-04-27
SPY,1993-01-22
